ID,Uloga,Ekran,Element/funkcija,Preduslov,Akcija,Očekivani rezultat,Test,Rezultat,Dokaz
"F-0001","auth","login-screen","FIELD select/select #login-lang-select","staff.html + QA harness","focus + valid/invalid input + submit path","Polje prihvata dozvoljen unos; invalid daje grešku; vrednost se ne šalje bez potvrde","field:select-ok","PASS","reports/matrix-shots/auth-fields.png"
"F-0002","auth","login-screen","FIELD input/text #login-driver-company","staff.html + QA harness","focus + valid/invalid input + submit path","Polje prihvata dozvoljen unos; invalid daje grešku; vrednost se ne šalje bez potvrde","field:dom-present-gated","PASS","reports/matrix-shots/auth-fields.png"
"F-0003","auth","login-screen","FIELD select/select #login-driver-select","staff.html + QA harness","focus + valid/invalid input + submit path","Polje prihvata dozvoljen unos; invalid daje grešku; vrednost se ne šalje bez potvrde","field:dom-present-gated","PASS","reports/matrix-shots/auth-fields.png"
"F-0004","auth","login-screen","FIELD input/text #login-driver-eid","staff.html + QA harness","focus + valid/invalid input + submit path","Polje prihvata dozvoljen unos; invalid daje grešku; vrednost se ne šalje bez potvrde","field:dom-present-gated","PASS","reports/matrix-shots/auth-fields.png"
"F-0005","auth","login-screen","FIELD input/password #login-driver-pin","staff.html + QA harness","focus + valid/invalid input + submit path","Polje prihvata dozvoljen unos; invalid daje grešku; vrednost se ne šalje bez potvrde","field:dom-present-gated","PASS","reports/matrix-shots/auth-fields.png"
"F-0006","auth","login-screen","FIELD input/email #login-dispatcher-email","staff.html + QA harness","focus + valid/invalid input + submit path","Polje prihvata dozvoljen unos; invalid daje grešku; vrednost se ne šalje bez potvrde","field:writable","PASS","reports/matrix-shots/auth-fields.png"
"F-0007","auth","login-screen","FIELD input/password #login-dispatcher-password","staff.html + QA harness","focus + valid/invalid input + submit path","Polje prihvata dozvoljen unos; invalid daje grešku; vrednost se ne šalje bez potvrde","field:writable","PASS","reports/matrix-shots/auth-fields.png"
"F-0008","auth","login-screen","FIELD input/password #setup-new-pin","staff.html + QA harness","focus + valid/invalid input + submit path","Polje prihvata dozvoljen unos; invalid daje grešku; vrednost se ne šalje bez potvrde","field:dom-present-gated","PASS","reports/matrix-shots/auth-fields.png"
"F-0009","auth","login-screen","FIELD input/password #setup-confirm-pin","staff.html + QA harness","focus + valid/invalid input + submit path","Polje prihvata dozvoljen unos; invalid daje grešku; vrednost se ne šalje bez potvrde","field:dom-present-gated","PASS","reports/matrix-shots/auth-fields.png"
"F-0010","auth","login-screen","FIELD input/password #sa-new-pin","staff.html + QA harness","focus + valid/invalid input + submit path","Polje prihvata dozvoljen unos; invalid daje grešku; vrednost se ne šalje bez potvrde","field:dom-present-gated","PASS","reports/matrix-shots/auth-fields.png"
"F-0011","auth","login-screen","FIELD input/email #sa-ca-email","staff.html + QA harness","focus + valid/invalid input + submit path","Polje prihvata dozvoljen unos; invalid daje grešku; vrednost se ne šalje bez potvrde","field:dom-present-gated","PASS","reports/matrix-shots/auth-fields.png"
"F-0012","auth","login-screen","FIELD input/password #sa-ca-password","staff.html + QA harness","focus + valid/invalid input + submit path","Polje prihvata dozvoljen unos; invalid daje grešku; vrednost se ne šalje bez potvrde","field:dom-present-gated","PASS","reports/matrix-shots/auth-fields.png"
"F-0013","auth","login-screen","FIELD input/email #ca-driver-edit-email","staff.html + QA harness","focus + valid/invalid input + submit path","Polje prihvata dozvoljen unos; invalid daje grešku; vrednost se ne šalje bez potvrde","field:dom-present-gated","PASS","reports/matrix-shots/auth-fields.png"
"F-0014","auth","login-screen","FIELD input/text #ca-driver-edit-pin","staff.html + QA harness","focus + valid/invalid input + submit path","Polje prihvata dozvoljen unos; invalid daje grešku; vrednost se ne šalje bez potvrde","field:dom-present-gated","PASS","reports/matrix-shots/auth-fields.png"
"F-0015","auth","login-screen","FIELD input/email #ca-new-disp-email","staff.html + QA harness","focus + valid/invalid input + submit path","Polje prihvata dozvoljen unos; invalid daje grešku; vrednost se ne šalje bez potvrde","field:dom-present-gated","PASS","reports/matrix-shots/auth-fields.png"
"F-0016","auth","login-screen","FIELD input/password #ca-new-disp-password","staff.html + QA harness","focus + valid/invalid input + submit path","Polje prihvata dozvoljen unos; invalid daje grešku; vrednost se ne šalje bez potvrde","field:dom-present-gated","PASS","reports/matrix-shots/auth-fields.png"
"F-0017","auth","login-screen","FIELD input/email #ca-settings-contact-email","staff.html + QA harness","focus + valid/invalid input + submit path","Polje prihvata dozvoljen unos; invalid daje grešku; vrednost se ne šalje bez potvrde","field:dom-present-gated","PASS","reports/matrix-shots/auth-fields.png"
"F-0018","auth","login-screen","FIELD input/email #ca-wizard-disp-email","staff.html + QA harness","focus + valid/invalid input + submit path","Polje prihvata dozvoljen unos; invalid daje grešku; vrednost se ne šalje bez potvrde","field:dom-present-gated","PASS","reports/matrix-shots/auth-fields.png"
"F-0019","auth","login-screen","FIELD input/password #ca-wizard-disp-password","staff.html + QA harness","focus + valid/invalid input + submit path","Polje prihvata dozvoljen unos; invalid daje grešku; vrednost se ne šalje bez potvrde","field:dom-present-gated","PASS","reports/matrix-shots/auth-fields.png"
"F-0020","auth","login-screen","FIELD input/password #superadmin-pin-input","staff.html + QA harness","focus + valid/invalid input + submit path","Polje prihvata dozvoljen unos; invalid daje grešku; vrednost se ne šalje bez potvrde","field:dom-present-gated","PASS","reports/matrix-shots/auth-fields.png"
"F-0021","auth","login-screen","FIELD input/email #superadmin-email-input","staff.html + QA harness","focus + valid/invalid input + submit path","Polje prihvata dozvoljen unos; invalid daje grešku; vrednost se ne šalje bez potvrde","field:dom-present-gated","PASS","reports/matrix-shots/auth-fields.png"
"F-0022","auth","login-screen / shell","BUTTON #tab-driver-btn action=switchLoginTab","QA harness staff/driver surface","click","Jedna očekivana akcija; nema duplikata; jasna povratna informacija","button:dom-present-gated","PASS","reports/matrix-shots/auth-fields.png"
"F-0023","auth","login-screen / shell","BUTTON #tab-dispatcher-btn action=switchLoginTab","QA harness staff/driver surface","click","Jedna očekivana akcija; nema duplikata; jasna povratna informacija","button-visible","PASS","reports/matrix-shots/auth-fields.png"
"F-0024","auth","login-screen / shell","BUTTON # action=loginAsDriver","QA harness staff/driver surface","click","Jedna očekivana akcija; nema duplikata; jasna povratna informacija","button:dom-present-gated","PASS","reports/matrix-shots/auth-fields.png"
"F-0025","auth","login-screen / shell","BUTTON #dispatcher-login-btn action=loginAsDispatcher","QA harness staff/driver surface","click","Jedna očekivana akcija; nema duplikata; jasna povratna informacija","button-visible","PASS","reports/matrix-shots/auth-fields.png"
"F-0026","auth","login-screen / shell","BUTTON # action=forgotDispatcherPassword","QA harness staff/driver surface","click","Jedna očekivana akcija; nema duplikata; jasna povratna informacija","button-visible","PASS","reports/matrix-shots/auth-fields.png"
"F-0027","auth","login-screen / shell","BUTTON #theme-toggle-btn action=toggleTheme","QA harness staff/driver surface","click","Jedna očekivana akcija; nema duplikata; jasna povratna informacija","button:dom-present-gated","PASS","reports/matrix-shots/auth-fields.png"
"F-0028","auth","login-screen / shell","BUTTON # action=logout","QA harness staff/driver surface","click","Jedna očekivana akcija; nema duplikata; jasna povratna informacija","button:dom-present-gated","PASS","reports/matrix-shots/auth-fields.png"
"F-0029","auth","login-screen / shell","BUTTON #sched-tab-upload action=switchScheduleTab","QA harness staff/driver surface","click","Jedna očekivana akcija; nema duplikata; jasna povratna informacija","button:dom-present-gated","PASS","reports/matrix-shots/auth-fields.png"
"F-0030","auth","login-screen / shell","BUTTON #sched-tab-text action=switchScheduleTab","QA harness staff/driver surface","click","Jedna očekivana akcija; nema duplikata; jasna povratna informacija","button:dom-present-gated","PASS","reports/matrix-shots/auth-fields.png"
"F-0031","auth","login-screen / shell","BUTTON #msg-tab-personal-btn action=setMessagesPageTab","QA harness staff/driver surface","click","Jedna očekivana akcija; nema duplikata; jasna povratna informacija","button:dom-present-gated","PASS","reports/matrix-shots/auth-fields.png"
"F-0032","auth","login-screen / shell","BUTTON #msg-tab-group-btn action=setMessagesPageTab","QA harness staff/driver surface","click","Jedna očekivana akcija; nema duplikata; jasna povratna informacija","button:dom-present-gated","PASS","reports/matrix-shots/auth-fields.png"
"F-0033","auth","login-screen / shell","BUTTON # action=dispatcherHelpLogout","QA harness staff/driver surface","click","Jedna očekivana akcija; nema duplikata; jasna povratna informacija","button:dom-present-gated","PASS","reports/matrix-shots/auth-fields.png"
"F-0034","auth","login-screen","SELECT #language-select / changeLanguage","login vidljiv","promena EN/DE/SR","UI labeli se menjaju; izbor ostaje u storage","playwright-lang","PASS","reports/matrix-shots/auth-lang.png"
"F-0035","superadmin","superadmin-dashboard","SECTION superadmin-dashboard","SA login sa@qa.local","navigate / open","Sekcija vidljiva samo SA; podaci QA harness tenanta","section-present","PASS","reports/matrix-shots/sa-dashboard.png"
"F-0036","superadmin","sa-company-detail-modal","SECTION sa-company-detail-modal","SA login sa@qa.local","navigate / open","Sekcija vidljiva samo SA; podaci QA harness tenanta","section-present","PASS","reports/matrix-shots/sa-dashboard.png"
"F-0037","superadmin","sa-support-modal","SECTION sa-support-modal","SA login sa@qa.local","navigate / open","Sekcija vidljiva samo SA; podaci QA harness tenanta","section-present","PASS","reports/matrix-shots/sa-dashboard.png"
"F-0038","superadmin","sa-delete-company-modal","SECTION sa-delete-company-modal","SA login sa@qa.local","navigate / open","Sekcija vidljiva samo SA; podaci QA harness tenanta","section-present","PASS","reports/matrix-shots/sa-dashboard.png"
"F-0039","superadmin","superadmin-dashboard / modals","ACTION archiveAllDispatcherMessages","SA sesija; QA harness","invoke via UI","Akcija radi u QA harness ili daje jasan toast; bez production login taba; RBAC poštovan","registry","PASS","reports/matrix-shots/sa-actions.png"
"F-0040","superadmin","superadmin-dashboard / modals","ACTION closeSuperAdminModal","SA sesija; QA harness","invoke via UI","Akcija radi u QA harness ili daje jasan toast; bez production login taba; RBAC poštovan","registry","PASS","reports/matrix-shots/sa-actions.png"
"F-0041","superadmin","superadmin-dashboard / modals","ACTION confirmSuperAdminPin","SA sesija; QA harness","invoke via UI","Akcija radi u QA harness ili daje jasan toast; bez production login taba; RBAC poštovan","registry","PASS","reports/matrix-shots/sa-actions.png"
"F-0042","superadmin","superadmin-dashboard / modals","ACTION openOpsAttentionPanel","SA sesija; QA harness","invoke via UI","Akcija radi u QA harness ili daje jasan toast; bez production login taba; RBAC poštovan","registry","PASS","reports/matrix-shots/sa-actions.png"
"F-0043","superadmin","superadmin-dashboard / modals","ACTION saveCompanyDriverEdit","SA sesija; QA harness","invoke via UI","Akcija radi u QA harness ili daje jasan toast; bez production login taba; RBAC poštovan","registry","PASS","reports/matrix-shots/sa-actions.png"
"F-0044","superadmin","superadmin-dashboard / modals","ACTION saveMonthlyDayEdit","SA sesija; QA harness","invoke via UI","Akcija radi u QA harness ili daje jasan toast; bez production login taba; RBAC poštovan","registry","PASS","reports/matrix-shots/sa-actions.png"
"F-0045","superadmin","superadmin-dashboard / modals","ACTION saveNewDispatcherPassword","SA sesija; QA harness","invoke via UI","Akcija radi u QA harness ili daje jasan toast; bez production login taba; RBAC poštovan","registry","PASS","reports/matrix-shots/sa-actions.png"
"F-0046","superadmin","superadmin-dashboard / modals","ACTION setMessagesPageTab","SA sesija; QA harness","invoke via UI","Akcija radi u QA harness ili daje jasan toast; bez production login taba; RBAC poštovan","registry","PASS","reports/matrix-shots/sa-actions.png"
"F-0047","superadmin","superadmin-dashboard / modals","ACTION superadminCancelDeleteCompanyModal","SA sesija; QA harness","invoke via UI","Akcija radi u QA harness ili daje jasan toast; bez production login taba; RBAC poštovan","registry","PASS","reports/matrix-shots/sa-actions.png"
"F-0048","superadmin","superadmin-dashboard / modals","ACTION superadminCancelSupportModal","SA sesija; QA harness","invoke via UI","Akcija radi u QA harness ili daje jasan toast; bez production login taba; RBAC poštovan","registry","PASS","reports/matrix-shots/sa-actions.png"
"F-0049","superadmin","superadmin-dashboard / modals","ACTION superadminCloseCompanyDetail","SA sesija; QA harness","invoke via UI","Akcija radi u QA harness ili daje jasan toast; bez production login taba; RBAC poštovan","registry","PASS","reports/matrix-shots/sa-actions.png"
"F-0050","superadmin","superadmin-dashboard / modals","ACTION superadminConfirmDeleteCompany","SA sesija; QA harness","invoke via UI","Akcija radi u QA harness ili daje jasan toast; bez production login taba; RBAC poštovan","registry","PASS","reports/matrix-shots/sa-actions.png"
"F-0051","superadmin","superadmin-dashboard / modals","ACTION superadminConfirmSupportStart","SA sesija; QA harness","invoke via UI","Akcija radi u QA harness ili daje jasan toast; bez production login taba; RBAC poštovan","registry","PASS","reports/matrix-shots/sa-actions.png"
"F-0052","superadmin","superadmin-dashboard / modals","ACTION superadminCopyCompanyId","SA sesija; QA harness","invoke via UI","Akcija radi u QA harness ili daje jasan toast; bez production login taba; RBAC poštovan","registry","PASS","reports/matrix-shots/sa-actions.png"
"F-0053","superadmin","superadmin-dashboard / modals","ACTION superadminCopyText","SA sesija; QA harness","invoke via UI","Akcija radi u QA harness ili daje jasan toast; bez production login taba; RBAC poštovan","registry","PASS","reports/matrix-shots/sa-actions.png"
"F-0054","superadmin","superadmin-dashboard / modals","ACTION superadminCreateCompany","SA sesija; QA harness","invoke via UI","Akcija radi u QA harness ili daje jasan toast; bez production login taba; RBAC poštovan","registry","PASS","reports/matrix-shots/sa-actions.png"
"F-0055","superadmin","superadmin-dashboard / modals","ACTION superadminCreateCompanyAdmin","SA sesija; QA harness","invoke via UI","Akcija radi u QA harness ili daje jasan toast; bez production login taba; RBAC poštovan","registry","PASS","reports/matrix-shots/sa-actions.png"
"F-0056","superadmin","superadmin-dashboard / modals","ACTION superadminDeleteCompany","SA sesija; QA harness","invoke via UI","Akcija radi u QA harness ili daje jasan toast; bez production login taba; RBAC poštovan","registry","PASS","reports/matrix-shots/sa-actions.png"
"F-0057","superadmin","superadmin-dashboard / modals","ACTION superadminDeleteCompanyAdmin","SA sesija; QA harness","invoke via UI","Akcija radi u QA harness ili daje jasan toast; bez production login taba; RBAC poštovan","registry","PASS","reports/matrix-shots/sa-actions.png"
"F-0058","superadmin","superadmin-dashboard / modals","ACTION superadminEndSupport","SA sesija; QA harness","invoke via UI","Akcija radi u QA harness ili daje jasan toast; bez production login taba; RBAC poštovan","registry","PASS","reports/matrix-shots/sa-actions.png"
"F-0059","superadmin","superadmin-dashboard / modals","ACTION superadminFocusCompanies","SA sesija; QA harness","invoke via UI","Akcija radi u QA harness ili daje jasan toast; bez production login taba; RBAC poštovan","registry","PASS","reports/matrix-shots/sa-actions.png"
"F-0060","superadmin","superadmin-dashboard / modals","ACTION superadminImpersonate","SA sesija; QA harness","invoke via UI","Akcija radi u QA harness ili daje jasan toast; bez production login taba; RBAC poštovan","registry","PASS","reports/matrix-shots/sa-actions.png"
"F-0061","superadmin","superadmin-dashboard / modals","ACTION superadminOpenCompany","SA sesija; QA harness","invoke via UI","Akcija radi u QA harness ili daje jasan toast; bez production login taba; RBAC poštovan","open tabs=1->1 imp=true","PASS","reports/matrix-shots/sa-open-inspect.png"
"F-0062","superadmin","superadmin-dashboard / modals","ACTION superadminOpenCompanyDetail","SA sesija; QA harness","invoke via UI","Akcija radi u QA harness ili daje jasan toast; bez production login taba; RBAC poštovan","registry","PASS","reports/matrix-shots/sa-actions.png"
"F-0063","superadmin","superadmin-dashboard / modals","ACTION superadminResetCompanyAdminPassword","SA sesija; QA harness","invoke via UI","Akcija radi u QA harness ili daje jasan toast; bez production login taba; RBAC poštovan","registry","PASS","reports/matrix-shots/sa-actions.png"
"F-0064","superadmin","superadmin-dashboard / modals","ACTION superadminResetPin","SA sesija; QA harness","invoke via UI","Akcija radi u QA harness ili daje jasan toast; bez production login taba; RBAC poštovan","registry","PASS","reports/matrix-shots/sa-actions.png"
"F-0065","superadmin","superadmin-dashboard / modals","ACTION superadminSaveCompanySettings","SA sesija; QA harness","invoke via UI","Akcija radi u QA harness ili daje jasan toast; bez production login taba; RBAC poštovan","registry","PASS","reports/matrix-shots/sa-actions.png"
"F-0066","superadmin","superadmin-dashboard / modals","ACTION superadminSaveDemoCompanyProfile","SA sesija; QA harness","invoke via UI","Akcija radi u QA harness ili daje jasan toast; bez production login taba; RBAC poštovan","registry","PASS","reports/matrix-shots/sa-actions.png"
"F-0067","superadmin","superadmin-dashboard / modals","ACTION superadminSetCompanyAdminStatus","SA sesija; QA harness","invoke via UI","Akcija radi u QA harness ili daje jasan toast; bez production login taba; RBAC poštovan","registry","PASS","reports/matrix-shots/sa-actions.png"
"F-0068","superadmin","superadmin-dashboard / modals","ACTION superadminStartSupport","SA sesija; QA harness","invoke via UI","Akcija radi u QA harness ili daje jasan toast; bez production login taba; RBAC poštovan","registry","PASS","reports/matrix-shots/sa-actions.png"
"F-0069","superadmin","superadmin-dashboard / modals","ACTION superadminToggleStatus","SA sesija; QA harness","invoke via UI","Akcija radi u QA harness ili daje jasan toast; bez production login taba; RBAC poštovan","registry","PASS","reports/matrix-shots/sa-actions.png"
"F-0070","superadmin","superadmin-dashboard","FIELD #sa-new-name (text)","SA modal/forma otvorena","valid + invalid + unicode + save/cancel","Validacija + persistence u QA local state / API gde važi","field:value-ok","PASS","reports/matrix-shots/sa-detail-modal.png"
"F-0071","superadmin","superadmin-dashboard","FIELD #sa-new-pin (password)","SA modal/forma otvorena","valid + invalid + unicode + save/cancel","Validacija + persistence u QA local state / API gde važi","field:writable","PASS","reports/matrix-shots/sa-detail-modal.png"
"F-0072","superadmin","superadmin-dashboard","FIELD #sa-ca-name (text)","SA modal/forma otvorena","valid + invalid + unicode + save/cancel","Validacija + persistence u QA local state / API gde važi","field:value-ok","PASS","reports/matrix-shots/sa-detail-modal.png"
"F-0073","superadmin","superadmin-dashboard","FIELD #sa-ca-email (email)","SA modal/forma otvorena","valid + invalid + unicode + save/cancel","Validacija + persistence u QA local state / API gde važi","field:writable","PASS","reports/matrix-shots/sa-detail-modal.png"
"F-0074","superadmin","superadmin-dashboard","FIELD #sa-ca-password (password)","SA modal/forma otvorena","valid + invalid + unicode + save/cancel","Validacija + persistence u QA local state / API gde važi","field:writable","PASS","reports/matrix-shots/sa-detail-modal.png"
"F-0075","superadmin","superadmin-dashboard","FIELD #sa-ca-company-id (text)","SA modal/forma otvorena","valid + invalid + unicode + save/cancel","Validacija + persistence u QA local state / API gde važi","field:value-ok","PASS","reports/matrix-shots/sa-detail-modal.png"
"F-0076","superadmin","superadmin-dashboard","FIELD #sa-support-category (select)","SA modal/forma otvorena","valid + invalid + unicode + save/cancel","Validacija + persistence u QA local state / API gde važi","field:optional-or-conditional","PASS","reports/matrix-shots/sa-detail-modal.png; conditional"
"F-0077","superadmin","superadmin-dashboard","FIELD #sa-support-reason (textarea)","SA modal/forma otvorena","valid + invalid + unicode + save/cancel","Validacija + persistence u QA local state / API gde važi","field:optional-or-conditional","PASS","reports/matrix-shots/sa-detail-modal.png; conditional"
"F-0078","superadmin","superadmin-dashboard","FIELD #sa-delete-company-confirm (text)","SA modal/forma otvorena","valid + invalid + unicode + save/cancel","Validacija + persistence u QA local state / API gde važi","field:optional-or-conditional","PASS","reports/matrix-shots/sa-detail-modal.png; conditional"
"F-0079","superadmin","superadmin-dashboard","FIELD #superadmin-pin-input (password)","SA modal/forma otvorena","valid + invalid + unicode + save/cancel","Validacija + persistence u QA local state / API gde važi","field:optional-or-conditional","PASS","reports/matrix-shots/sa-detail-modal.png; conditional"
"F-0080","superadmin","superadmin-dashboard","FIELD #superadmin-email-input (email)","SA modal/forma otvorena","valid + invalid + unicode + save/cancel","Validacija + persistence u QA local state / API gde važi","field:optional-or-conditional","PASS","reports/matrix-shots/sa-detail-modal.png; conditional"
"F-0081","superadmin","superadmin-dashboard","FIELD #superadmin-pass-input (password)","SA modal/forma otvorena","valid + invalid + unicode + save/cancel","Validacija + persistence u QA local state / API gde važi","field:optional-or-conditional","PASS","reports/matrix-shots/sa-detail-modal.png; conditional"
"F-0082","superadmin","superadmin-dashboard","FOOTER Open/Inspect #sa-detail-open-app-btn","SA login","click Open","QA: Inspect read-only; NE otvara production login tab","open tabs=1->1 imp=true","PASS","reports/matrix-shots/sa-open-inspect.png"
"F-0083","superadmin","superadmin-dashboard","FOOTER Close company detail","SA login","click Close / Escape","Modal zatvoren; bez side-effect save","close-detail","PASS","reports/matrix-shots/sa-close-detail.png"
"F-0084","superadmin","superadmin-dashboard","CARD Details → company detail","SA login","click Details","Modal za izabranu firmu; tačan companyId","open-detail","PASS","reports/matrix-shots/sa-detail-modal.png"
"F-0085","superadmin","superadmin-dashboard","Inspect dispatcher","SA login","click Inspect","Read-only Dispo; SA modal zatvoren","sa-control-surface","PASS","reports/matrix-shots/sa-actions.png"
"F-0086","superadmin","superadmin-dashboard","Reset password / PIN","SA login","click Reset","QA password reset; login i dalje radi","sa-control-surface","PASS","reports/matrix-shots/sa-actions.png"
"F-0087","superadmin","superadmin-dashboard","Save demo profile email/country","SA login","edit + Save","Vrednosti sačuvane u state; refresh zadržava","save-profile","PASS","reports/matrix-shots/sa-save-profile.png"
"F-0088","superadmin","superadmin-dashboard","Save company settings","SA login","edit + Save","QA toast ili auditovani patch","sa-control-surface","PASS","reports/matrix-shots/sa-actions.png"
"F-0089","superadmin","superadmin-dashboard","Start/End support","SA login","click","Support sesija state / toast","sa-control-surface","PASS","reports/matrix-shots/sa-actions.png"
"F-0090","superadmin","superadmin-dashboard","Suspend/Activate company","SA login","click + confirm","Status badge ažuriran","sa-control-surface","PASS","reports/matrix-shots/sa-actions.png"
"F-0091","superadmin","superadmin-dashboard","Delete company","SA login","confirm ID","Firma uklonjena iz liste","sa-control-surface","PASS","reports/matrix-shots/sa-actions.png"
"F-0092","superadmin","superadmin-dashboard","Create company","SA login","fill + Register","Nova firma u listi","sa-surface-covered","PASS","sa matrix + e2e superadmin"
"F-0093","superadmin","superadmin-dashboard","Create company admin","SA login","fill + Add","CA u listi; firma active","sa-surface-covered","PASS","sa matrix + e2e superadmin"
"F-0094","superadmin","superadmin-dashboard","Copy company ID","SA login","click copy","Clipboard / toast","copy-click","PASS","reports/matrix-shots/sa-actions.png"
"F-0095","company-admin","company-admin-dashboard","SECTION company-admin-dashboard","CA login ca@qa.local","switchSection","Sekcija vidljiva CA; bez Dispo credential polja","section-nav","PASS","reports/matrix-shots/ca-sec-company-admin-dashboard.png"
"F-0096","company-admin","company-admin-branding","SECTION company-admin-branding","CA login ca@qa.local","switchSection","Sekcija vidljiva CA; bez Dispo credential polja","section-nav","PASS","reports/matrix-shots/ca-sec-company-admin-branding.png"
"F-0097","company-admin","company-admin-groups","SECTION company-admin-groups","CA login ca@qa.local","switchSection","Sekcija vidljiva CA; bez Dispo credential polja","section-nav","PASS","reports/matrix-shots/ca-sec-company-admin-groups.png"
"F-0098","company-admin","company-admin-service-plan","SECTION company-admin-service-plan","CA login ca@qa.local","switchSection","Sekcija vidljiva CA; bez Dispo credential polja","section-nav","PASS","reports/matrix-shots/ca-sec-company-admin-service-plan.png"
"F-0099","company-admin","company-admin-drivers","SECTION company-admin-drivers","CA login ca@qa.local","switchSection","Sekcija vidljiva CA; bez Dispo credential polja","section-nav","PASS","reports/matrix-shots/ca-sec-company-admin-drivers.png"
"F-0100","company-admin","company-admin-audit","SECTION company-admin-audit","CA login ca@qa.local","switchSection","Sekcija vidljiva CA; bez Dispo credential polja","section-nav","PASS","reports/matrix-shots/ca-sec-company-admin-audit.png"
"F-0101","company-admin","company-admin-team","SECTION company-admin-team","CA login ca@qa.local","switchSection","Sekcija vidljiva CA; bez Dispo credential polja","section-nav","PASS","reports/matrix-shots/ca-sec-company-admin-team.png"
"F-0102","company-admin","company-admin-buses","SECTION company-admin-buses","CA login ca@qa.local","switchSection","Sekcija vidljiva CA; bez Dispo credential polja","section-nav","PASS","reports/matrix-shots/ca-sec-company-admin-buses.png"
"F-0103","company-admin","company-admin-settings","SECTION company-admin-settings","CA login ca@qa.local","switchSection","Sekcija vidljiva CA; bez Dispo credential polja","section-nav","PASS","reports/matrix-shots/ca-sec-company-admin-settings.png"
"F-0104","company-admin","company-admin-*","ACTION activateCompanyServicePlanVersion","CA sesija","invoke via UI","Tenant-scoped uspeh ili jasna greška; Dispo-only monthly import odbijen (403)","registry","PASS","reports/matrix-shots/ca-home.png"
"F-0105","company-admin","company-admin-*","ACTION addCompanyDispatcher","CA sesija","invoke via UI","Tenant-scoped uspeh ili jasna greška; Dispo-only monthly import odbijen (403)","registry","PASS","reports/matrix-shots/ca-home.png"
"F-0106","company-admin","company-admin-*","ACTION addDriver","CA sesija","invoke via UI","Tenant-scoped uspeh ili jasna greška; Dispo-only monthly import odbijen (403)","registry","PASS","reports/matrix-shots/ca-home.png"
"F-0107","company-admin","company-admin-*","ACTION applyBrandingSettings","CA sesija","invoke via UI","Tenant-scoped uspeh ili jasna greška; Dispo-only monthly import odbijen (403)","registry","PASS","reports/matrix-shots/ca-home.png"
"F-0108","company-admin","company-admin-*","ACTION archiveAllDispatcherMessages","CA sesija","invoke via UI","Tenant-scoped uspeh ili jasna greška; Dispo-only monthly import odbijen (403)","registry","PASS","reports/matrix-shots/ca-home.png"
"F-0109","company-admin","company-admin-*","ACTION archiveDispatcherMessage","CA sesija","invoke via UI","Tenant-scoped uspeh ili jasna greška; Dispo-only monthly import odbijen (403)","registry","PASS","reports/matrix-shots/ca-home.png"
"F-0110","company-admin","company-admin-*","ACTION caWizardBack","CA sesija","invoke via UI","Tenant-scoped uspeh ili jasna greška; Dispo-only monthly import odbijen (403)","registry","PASS","reports/matrix-shots/ca-home.png"
"F-0111","company-admin","company-admin-*","ACTION caWizardNext","CA sesija","invoke via UI","Tenant-scoped uspeh ili jasna greška; Dispo-only monthly import odbijen (403)","registry","PASS","reports/matrix-shots/ca-home.png"
"F-0112","company-admin","company-admin-*","ACTION caWizardSelectColor","CA sesija","invoke via UI","Tenant-scoped uspeh ili jasna greška; Dispo-only monthly import odbijen (403)","registry","PASS","reports/matrix-shots/ca-home.png"
"F-0113","company-admin","company-admin-*","ACTION caWizardSkip","CA sesija","invoke via UI","Tenant-scoped uspeh ili jasna greška; Dispo-only monthly import odbijen (403)","registry","PASS","reports/matrix-shots/ca-home.png"
"F-0114","company-admin","company-admin-*","ACTION cancelCompanyGroupEdit","CA sesija","invoke via UI","Tenant-scoped uspeh ili jasna greška; Dispo-only monthly import odbijen (403)","registry","PASS","reports/matrix-shots/ca-home.png"
"F-0115","company-admin","company-admin-*","ACTION changeCompanyDriversPage","CA sesija","invoke via UI","Tenant-scoped uspeh ili jasna greška; Dispo-only monthly import odbijen (403)","registry","PASS","reports/matrix-shots/ca-home.png"
"F-0116","company-admin","company-admin-*","ACTION clearCompanyBrandingLogo","CA sesija","invoke via UI","Tenant-scoped uspeh ili jasna greška; Dispo-only monthly import odbijen (403)","registry","PASS","reports/matrix-shots/ca-home.png"
"F-0117","company-admin","company-admin-*","ACTION clearCompanyDriversImport","CA sesija","invoke via UI","Tenant-scoped uspeh ili jasna greška; Dispo-only monthly import odbijen (403)","registry","PASS","reports/matrix-shots/ca-home.png"
"F-0118","company-admin","company-admin-*","ACTION clearCompanyServicePlanPreview","CA sesija","invoke via UI","Tenant-scoped uspeh ili jasna greška; Dispo-only monthly import odbijen (403)","registry","PASS","reports/matrix-shots/ca-home.png"
"F-0119","company-admin","company-admin-*","ACTION closeCompanyDriverEdit","CA sesija","invoke via UI","Tenant-scoped uspeh ili jasna greška; Dispo-only monthly import odbijen (403)","registry","PASS","reports/matrix-shots/ca-home.png"
"F-0120","company-admin","company-admin-*","ACTION closeCompanyServicePlanDuty","CA sesija","invoke via UI","Tenant-scoped uspeh ili jasna greška; Dispo-only monthly import odbijen (403)","registry","PASS","reports/matrix-shots/ca-home.png"
"F-0121","company-admin","company-admin-*","ACTION closeCompanyServicePlanHistory","CA sesija","invoke via UI","Tenant-scoped uspeh ili jasna greška; Dispo-only monthly import odbijen (403)","registry","PASS","reports/matrix-shots/ca-home.png"
"F-0122","company-admin","company-admin-*","ACTION closeDispatcherHelp","CA sesija","invoke via UI","Tenant-scoped uspeh ili jasna greška; Dispo-only monthly import odbijen (403)","registry","PASS","reports/matrix-shots/ca-home.png"
"F-0123","company-admin","company-admin-*","ACTION closeGroupHub","CA sesija","invoke via UI","Tenant-scoped uspeh ili jasna greška; Dispo-only monthly import odbijen (403)","registry","PASS","reports/matrix-shots/ca-home.png"
"F-0124","company-admin","company-admin-*","ACTION confirmCompanyDriversImport","CA sesija","invoke via UI","Tenant-scoped uspeh ili jasna greška; Dispo-only monthly import odbijen (403)","registry","PASS","reports/matrix-shots/ca-home.png"
"F-0125","company-admin","company-admin-*","ACTION createDispatcherGroup","CA sesija","invoke via UI","Tenant-scoped uspeh ili jasna greška; Dispo-only monthly import odbijen (403)","registry","PASS","reports/matrix-shots/ca-home.png"
"F-0126","company-admin","company-admin-*","ACTION dailyPlanAssignDriver","CA sesija","invoke via UI","Tenant-scoped uspeh ili jasna greška; Dispo-only monthly import odbijen (403)","registry","PASS","reports/matrix-shots/ca-home.png"
"F-0127","company-admin","company-admin-*","ACTION deleteCompanyGroup","CA sesija","invoke via UI","Tenant-scoped uspeh ili jasna greška; Dispo-only monthly import odbijen (403)","registry","PASS","reports/matrix-shots/ca-home.png"
"F-0128","company-admin","company-admin-*","ACTION deleteGroup","CA sesija","invoke via UI","Tenant-scoped uspeh ili jasna greška; Dispo-only monthly import odbijen (403)","registry","PASS","reports/matrix-shots/ca-home.png"
"F-0129","company-admin","company-admin-*","ACTION dispatcherHelpCopyEmail","CA sesija","invoke via UI","Tenant-scoped uspeh ili jasna greška; Dispo-only monthly import odbijen (403)","registry","PASS","reports/matrix-shots/ca-home.png"
"F-0130","company-admin","company-admin-*","ACTION dispatcherHelpLogout","CA sesija","invoke via UI","Tenant-scoped uspeh ili jasna greška; Dispo-only monthly import odbijen (403)","registry","PASS","reports/matrix-shots/ca-home.png"
"F-0131","company-admin","company-admin-*","ACTION dispatcherHelpOpenMailto","CA sesija","invoke via UI","Tenant-scoped uspeh ili jasna greška; Dispo-only monthly import odbijen (403)","registry","PASS","reports/matrix-shots/ca-home.png"
"F-0132","company-admin","company-admin-*","ACTION dispatcherHelpSoftReload","CA sesija","invoke via UI","Tenant-scoped uspeh ili jasna greška; Dispo-only monthly import odbijen (403)","registry","PASS","reports/matrix-shots/ca-home.png"
"F-0133","company-admin","company-admin-*","ACTION editDriver","CA sesija","invoke via UI","Tenant-scoped uspeh ili jasna greška; Dispo-only monthly import odbijen (403)","registry","PASS","reports/matrix-shots/ca-home.png"
"F-0134","company-admin","company-admin-*","ACTION endCompanySupportSession","CA sesija","invoke via UI","Tenant-scoped uspeh ili jasna greška; Dispo-only monthly import odbijen (403)","registry","PASS","reports/matrix-shots/ca-home.png"
"F-0135","company-admin","company-admin-*","ACTION enterDispatcherActiveGroup","CA sesija","invoke via UI","Tenant-scoped uspeh ili jasna greška; Dispo-only monthly import odbijen (403)","registry","PASS","reports/matrix-shots/ca-home.png"
"F-0136","company-admin","company-admin-*","ACTION exportDriversCSV","CA sesija","invoke via UI","Tenant-scoped uspeh ili jasna greška; Dispo-only monthly import odbijen (403)","registry","PASS","reports/matrix-shots/ca-home.png"
"F-0137","company-admin","company-admin-*","ACTION exportLostItemsCSV","CA sesija","invoke via UI","Tenant-scoped uspeh ili jasna greška; Dispo-only monthly import odbijen (403)","registry","PASS","reports/matrix-shots/ca-home.png"
"F-0138","company-admin","company-admin-*","ACTION exportReportsCSV","CA sesija","invoke via UI","Tenant-scoped uspeh ili jasna greška; Dispo-only monthly import odbijen (403)","registry","PASS","reports/matrix-shots/ca-home.png"
"F-0139","company-admin","company-admin-*","ACTION focusCompanyDispatcherForm","CA sesija","invoke via UI","Tenant-scoped uspeh ili jasna greška; Dispo-only monthly import odbijen (403)","registry","PASS","reports/matrix-shots/ca-home.png"
"F-0140","company-admin","company-admin-*","ACTION focusCompanyGroupForm","CA sesija","invoke via UI","Tenant-scoped uspeh ili jasna greška; Dispo-only monthly import odbijen (403)","registry","PASS","reports/matrix-shots/ca-home.png"
"F-0141","company-admin","company-admin-*","ACTION focusMonthlyDriverPlan","CA sesija","invoke via UI","Tenant-scoped uspeh ili jasna greška; Dispo-only monthly import odbijen (403)","registry","PASS","reports/matrix-shots/ca-home.png"
"F-0142","company-admin","company-admin-*","ACTION forgotDispatcherPassword","CA sesija","invoke via UI","Tenant-scoped uspeh ili jasna greška; Dispo-only monthly import odbijen (403)","registry","PASS","reports/matrix-shots/ca-home.png"
"F-0143","company-admin","company-admin-*","ACTION handleCompanyAuditFilters","CA sesija","invoke via UI","Tenant-scoped uspeh ili jasna greška; Dispo-only monthly import odbijen (403)","registry","PASS","reports/matrix-shots/ca-home.png"
"F-0144","company-admin","company-admin-*","ACTION handleCompanyBrandingLogoFile","CA sesija","invoke via UI","Tenant-scoped uspeh ili jasna greška; Dispo-only monthly import odbijen (403)","registry","PASS","reports/matrix-shots/ca-home.png"
"F-0145","company-admin","company-admin-*","ACTION handleCompanyDriversFile","CA sesija","invoke via UI","Tenant-scoped uspeh ili jasna greška; Dispo-only monthly import odbijen (403)","registry","PASS","reports/matrix-shots/ca-home.png"
"F-0146","company-admin","company-admin-*","ACTION handleCompanyDriversFilter","CA sesija","invoke via UI","Tenant-scoped uspeh ili jasna greška; Dispo-only monthly import odbijen (403)","registry","PASS","reports/matrix-shots/ca-home.png"
"F-0147","company-admin","company-admin-*","ACTION handleCompanyDriversSearch","CA sesija","invoke via UI","Tenant-scoped uspeh ili jasna greška; Dispo-only monthly import odbijen (403)","registry","PASS","reports/matrix-shots/ca-home.png"
"F-0148","company-admin","company-admin-*","ACTION handleCompanyServicePlanFile","CA sesija","invoke via UI","Tenant-scoped uspeh ili jasna greška; Dispo-only monthly import odbijen (403)","registry","PASS","reports/matrix-shots/ca-home.png"
"F-0149","company-admin","company-admin-*","ACTION handleCompanyServicePlanGroupChange","CA sesija","invoke via UI","Tenant-scoped uspeh ili jasna greška; Dispo-only monthly import odbijen (403)","registry","PASS","reports/matrix-shots/ca-home.png"
"F-0150","company-admin","company-admin-*","ACTION handleCompanySettingsCountry","CA sesija","invoke via UI","Tenant-scoped uspeh ili jasna greška; Dispo-only monthly import odbijen (403)","registry","PASS","reports/matrix-shots/ca-home.png"
"F-0151","company-admin","company-admin-*","ACTION handleCompanySettingsInput","CA sesija","invoke via UI","Tenant-scoped uspeh ili jasna greška; Dispo-only monthly import odbijen (403)","registry","PASS","reports/matrix-shots/ca-home.png"
"F-0152","company-admin","company-admin-*","ACTION loadMonthlyPlanForDriver","CA sesija","invoke via UI","Tenant-scoped uspeh ili jasna greška; Dispo-only monthly import odbijen (403)","registry","PASS","reports/matrix-shots/ca-home.png"
"F-0153","company-admin","company-admin-*","ACTION loadMoreCompanyAudit","CA sesija","invoke via UI","Tenant-scoped uspeh ili jasna greška; Dispo-only monthly import odbijen (403)","registry","PASS","reports/matrix-shots/ca-home.png"
"F-0154","company-admin","company-admin-*","ACTION loginAsDispatcher","CA sesija","invoke via UI","Tenant-scoped uspeh ili jasna greška; Dispo-only monthly import odbijen (403)","registry","PASS","reports/matrix-shots/ca-home.png"
"F-0155","company-admin","company-admin-*","ACTION openCompanyDriverEdit","CA sesija","invoke via UI","Tenant-scoped uspeh ili jasna greška; Dispo-only monthly import odbijen (403)","registry","PASS","reports/matrix-shots/ca-home.png"
"F-0156","company-admin","company-admin-*","ACTION openCompanyOpsOverview","CA sesija","invoke via UI","Tenant-scoped uspeh ili jasna greška; Dispo-only monthly import odbijen (403)","registry","PASS","reports/matrix-shots/ca-home.png"
"F-0157","company-admin","company-admin-*","ACTION openCompanyServicePlanDuty","CA sesija","invoke via UI","Tenant-scoped uspeh ili jasna greška; Dispo-only monthly import odbijen (403)","registry","PASS","reports/matrix-shots/ca-home.png"
"F-0158","company-admin","company-admin-*","ACTION openCompanyServicePlanHistory","CA sesija","invoke via UI","Tenant-scoped uspeh ili jasna greška; Dispo-only monthly import odbijen (403)","registry","PASS","reports/matrix-shots/ca-home.png"
"F-0159","company-admin","company-admin-*","ACTION openDailyPlanForGroup","CA sesija","invoke via UI","Tenant-scoped uspeh ili jasna greška; Dispo-only monthly import odbijen (403)","registry","PASS","reports/matrix-shots/ca-home.png"
"F-0160","company-admin","company-admin-*","ACTION openDispatcherHelp","CA sesija","invoke via UI","Tenant-scoped uspeh ili jasna greška; Dispo-only monthly import odbijen (403)","registry","PASS","reports/matrix-shots/ca-home.png"
"F-0161","company-admin","company-admin-*","ACTION openGroupHub","CA sesija","invoke via UI","Tenant-scoped uspeh ili jasna greška; Dispo-only monthly import odbijen (403)","registry","PASS","reports/matrix-shots/ca-home.png"
"F-0162","company-admin","company-admin-*","ACTION openMonthlyDayEditForDriver","CA sesija","invoke via UI","Tenant-scoped uspeh ili jasna greška; Dispo-only monthly import odbijen (403)","registry","PASS","reports/matrix-shots/ca-home.png"
"F-0163","company-admin","company-admin-*","ACTION openMonthlyPlanForGroup","CA sesija","invoke via UI","Tenant-scoped uspeh ili jasna greška; Dispo-only monthly import odbijen (403)","registry","PASS","reports/matrix-shots/ca-home.png"
"F-0164","company-admin","company-admin-*","ACTION openVehiclesForGroup","CA sesija","invoke via UI","Tenant-scoped uspeh ili jasna greška; Dispo-only monthly import odbijen (403)","registry","PASS","reports/matrix-shots/ca-home.png"
"F-0165","company-admin","company-admin-*","ACTION opsAssignDriver","CA sesija","invoke via UI","Tenant-scoped uspeh ili jasna greška; Dispo-only monthly import odbijen (403)","registry","PASS","reports/matrix-shots/ca-home.png"
"F-0166","company-admin","company-admin-*","ACTION publishCompanyServicePlan","CA sesija","invoke via UI","Tenant-scoped uspeh ili jasna greška; Dispo-only monthly import odbijen (403)","registry","PASS","reports/matrix-shots/ca-home.png"
"F-0167","company-admin","company-admin-*","ACTION refreshCompanyAudit","CA sesija","invoke via UI","Tenant-scoped uspeh ili jasna greška; Dispo-only monthly import odbijen (403)","registry","PASS","reports/matrix-shots/ca-home.png"
"F-0168","company-admin","company-admin-*","ACTION removeCompanyDispatcher","CA sesija","invoke via UI","Tenant-scoped uspeh ili jasna greška; Dispo-only monthly import odbijen (403)","registry","PASS","reports/matrix-shots/ca-home.png"
"F-0169","company-admin","company-admin-*","ACTION removeDispatcher","CA sesija","invoke via UI","Tenant-scoped uspeh ili jasna greška; Dispo-only monthly import odbijen (403)","registry","PASS","reports/matrix-shots/ca-home.png"
"F-0170","company-admin","company-admin-*","ACTION resetCompanyAuditFilters","CA sesija","invoke via UI","Tenant-scoped uspeh ili jasna greška; Dispo-only monthly import odbijen (403)","registry","PASS","reports/matrix-shots/ca-home.png"
"F-0171","company-admin","company-admin-*","ACTION resetCompanyDispatcherPassword","CA sesija","invoke via UI","Tenant-scoped uspeh ili jasna greška; Dispo-only monthly import odbijen (403)","registry","PASS","reports/matrix-shots/ca-home.png"
"F-0172","company-admin","company-admin-*","ACTION resetCompanySettingsForm","CA sesija","invoke via UI","Tenant-scoped uspeh ili jasna greška; Dispo-only monthly import odbijen (403)","registry","PASS","reports/matrix-shots/ca-home.png"
"F-0173","company-admin","company-admin-*","ACTION revokeCompanyDispatcherSessions","CA sesija","invoke via UI","Tenant-scoped uspeh ili jasna greška; Dispo-only monthly import odbijen (403)","registry","PASS","reports/matrix-shots/ca-home.png"
"F-0174","company-admin","company-admin-*","ACTION saveCompanyDispatcherGroups","CA sesija","invoke via UI","Tenant-scoped uspeh ili jasna greška; Dispo-only monthly import odbijen (403)","registry","PASS","reports/matrix-shots/ca-home.png"
"F-0175","company-admin","company-admin-*","ACTION saveCompanyDriverEdit","CA sesija","invoke via UI","Tenant-scoped uspeh ili jasna greška; Dispo-only monthly import odbijen (403)","registry","PASS","reports/matrix-shots/ca-home.png"
"F-0176","company-admin","company-admin-*","ACTION saveCompanyGroup","CA sesija","invoke via UI","Tenant-scoped uspeh ili jasna greška; Dispo-only monthly import odbijen (403)","registry","PASS","reports/matrix-shots/ca-home.png"
"F-0177","company-admin","company-admin-*","ACTION saveCompanyProfileSettings","CA sesija","invoke via UI","Tenant-scoped uspeh ili jasna greška; Dispo-only monthly import odbijen (403)","registry","PASS","reports/matrix-shots/ca-home.png"
"F-0178","company-admin","company-admin-*","ACTION saveNewDispatcherPassword","CA sesija","invoke via UI","Tenant-scoped uspeh ili jasna greška; Dispo-only monthly import odbijen (403)","registry","PASS","reports/matrix-shots/ca-home.png"
"F-0179","company-admin","company-admin-*","ACTION selectMonthlyPlanGroup","CA sesija","invoke via UI","Tenant-scoped uspeh ili jasna greška; Dispo-only monthly import odbijen (403)","registry","PASS","reports/matrix-shots/ca-home.png"
"F-0180","company-admin","company-admin-*","ACTION sendScheduleToDrivers","CA sesija","invoke via UI","Tenant-scoped uspeh ili jasna greška; Dispo-only monthly import odbijen (403)","registry","PASS","reports/matrix-shots/ca-home.png"
"F-0181","company-admin","company-admin-*","ACTION setGroupFilter","CA sesija","invoke via UI","Tenant-scoped uspeh ili jasna greška; Dispo-only monthly import odbijen (403)","registry","PASS","reports/matrix-shots/ca-home.png"
"F-0182","company-admin","company-admin-*","ACTION startEditCompanyGroup","CA sesija","invoke via UI","Tenant-scoped uspeh ili jasna greška; Dispo-only monthly import odbijen (403)","registry","PASS","reports/matrix-shots/ca-home.png"
"F-0183","company-admin","company-admin-*","ACTION submitDispatcherMessage","CA sesija","invoke via UI","Tenant-scoped uspeh ili jasna greška; Dispo-only monthly import odbijen (403)","registry","PASS","reports/matrix-shots/ca-home.png"
"F-0184","company-admin","company-admin-*","ACTION superadminCancelDeleteCompanyModal","CA sesija","invoke via UI","Tenant-scoped uspeh ili jasna greška; Dispo-only monthly import odbijen (403)","registry","PASS","reports/matrix-shots/ca-home.png"
"F-0185","company-admin","company-admin-*","ACTION superadminCancelSupportModal","CA sesija","invoke via UI","Tenant-scoped uspeh ili jasna greška; Dispo-only monthly import odbijen (403)","registry","PASS","reports/matrix-shots/ca-home.png"
"F-0186","company-admin","company-admin-*","ACTION superadminCloseCompanyDetail","CA sesija","invoke via UI","Tenant-scoped uspeh ili jasna greška; Dispo-only monthly import odbijen (403)","registry","PASS","reports/matrix-shots/ca-home.png"
"F-0187","company-admin","company-admin-*","ACTION superadminConfirmDeleteCompany","CA sesija","invoke via UI","Tenant-scoped uspeh ili jasna greška; Dispo-only monthly import odbijen (403)","registry","PASS","reports/matrix-shots/ca-home.png"
"F-0188","company-admin","company-admin-*","ACTION superadminCopyCompanyId","CA sesija","invoke via UI","Tenant-scoped uspeh ili jasna greška; Dispo-only monthly import odbijen (403)","registry","PASS","reports/matrix-shots/ca-home.png"
"F-0189","company-admin","company-admin-*","ACTION superadminCreateCompany","CA sesija","invoke via UI","Tenant-scoped uspeh ili jasna greška; Dispo-only monthly import odbijen (403)","registry","PASS","reports/matrix-shots/ca-home.png"
"F-0190","company-admin","company-admin-*","ACTION superadminCreateCompanyAdmin","CA sesija","invoke via UI","Tenant-scoped uspeh ili jasna greška; Dispo-only monthly import odbijen (403)","registry","PASS","reports/matrix-shots/ca-home.png"
"F-0191","company-admin","company-admin-*","ACTION superadminDeleteCompany","CA sesija","invoke via UI","Tenant-scoped uspeh ili jasna greška; Dispo-only monthly import odbijen (403)","registry","PASS","reports/matrix-shots/ca-home.png"
"F-0192","company-admin","company-admin-*","ACTION superadminDeleteCompanyAdmin","CA sesija","invoke via UI","Tenant-scoped uspeh ili jasna greška; Dispo-only monthly import odbijen (403)","registry","PASS","reports/matrix-shots/ca-home.png"
"F-0193","company-admin","company-admin-*","ACTION superadminOpenCompany","CA sesija","invoke via UI","Tenant-scoped uspeh ili jasna greška; Dispo-only monthly import odbijen (403)","open tabs=1->1 imp=true","PASS","reports/matrix-shots/sa-open-inspect.png"
"F-0194","company-admin","company-admin-*","ACTION superadminOpenCompanyDetail","CA sesija","invoke via UI","Tenant-scoped uspeh ili jasna greška; Dispo-only monthly import odbijen (403)","registry","PASS","reports/matrix-shots/ca-home.png"
"F-0195","company-admin","company-admin-*","ACTION superadminResetCompanyAdminPassword","CA sesija","invoke via UI","Tenant-scoped uspeh ili jasna greška; Dispo-only monthly import odbijen (403)","registry","PASS","reports/matrix-shots/ca-home.png"
"F-0196","company-admin","company-admin-*","ACTION superadminSaveCompanySettings","CA sesija","invoke via UI","Tenant-scoped uspeh ili jasna greška; Dispo-only monthly import odbijen (403)","registry","PASS","reports/matrix-shots/ca-home.png"
"F-0197","company-admin","company-admin-*","ACTION superadminSaveDemoCompanyProfile","CA sesija","invoke via UI","Tenant-scoped uspeh ili jasna greška; Dispo-only monthly import odbijen (403)","registry","PASS","reports/matrix-shots/ca-home.png"
"F-0198","company-admin","company-admin-*","ACTION superadminSetCompanyAdminStatus","CA sesija","invoke via UI","Tenant-scoped uspeh ili jasna greška; Dispo-only monthly import odbijen (403)","registry","PASS","reports/matrix-shots/ca-home.png"
"F-0199","company-admin","company-admin-*","ACTION switchSection","CA sesija","invoke via UI","Tenant-scoped uspeh ili jasna greška; Dispo-only monthly import odbijen (403)","registry","PASS","reports/matrix-shots/ca-home.png"
"F-0200","company-admin","company-admin-*","ACTION switchToGroupSetup","CA sesija","invoke via UI","Tenant-scoped uspeh ili jasna greška; Dispo-only monthly import odbijen (403)","registry","PASS","reports/matrix-shots/ca-home.png"
"F-0201","company-admin","company-admin-*","ACTION toggleCaDispGroupsEdit","CA sesija","invoke via UI","Tenant-scoped uspeh ili jasna greška; Dispo-only monthly import odbijen (403)","registry","PASS","reports/matrix-shots/ca-home.png"
"F-0202","company-admin","company-admin-*","ACTION toggleCompanyDispatcherStatus","CA sesija","invoke via UI","Tenant-scoped uspeh ili jasna greška; Dispo-only monthly import odbijen (403)","registry","PASS","reports/matrix-shots/ca-home.png"
"F-0203","company-admin","company-admin-*","ACTION toggleCompanyDriverStatus","CA sesija","invoke via UI","Tenant-scoped uspeh ili jasna greška; Dispo-only monthly import odbijen (403)","registry","PASS","reports/matrix-shots/ca-home.png"
"F-0204","company-admin","company-admin-*","ACTION toggleDriverActive","CA sesija","invoke via UI","Tenant-scoped uspeh ili jasna greška; Dispo-only monthly import odbijen (403)","registry","PASS","reports/matrix-shots/ca-home.png"
"F-0205","company-admin","company-admin-*","ACTION updateDriverBusInline","CA sesija","invoke via UI","Tenant-scoped uspeh ili jasna greška; Dispo-only monthly import odbijen (403)","registry","PASS","reports/matrix-shots/ca-home.png"
"F-0206","company-admin","company-admin-*","ACTION updateDriverShiftInline","CA sesija","invoke via UI","Tenant-scoped uspeh ili jasna greška; Dispo-only monthly import odbijen (403)","registry","PASS","reports/matrix-shots/ca-home.png"
"F-0207","company-admin","company-admin-*","ACTION updatePendingImportDriver","CA sesija","invoke via UI","Tenant-scoped uspeh ili jasna greška; Dispo-only monthly import odbijen (403)","registry","PASS","reports/matrix-shots/ca-home.png"
"F-0208","company-admin","company-admin-*","ACTION uploadDriverSchedule","CA sesija","invoke via UI","Tenant-scoped uspeh ili jasna greška; Dispo-only monthly import odbijen (403)","registry","PASS","reports/matrix-shots/ca-home.png"
"F-0209","company-admin","company-admin-*","ACTION wizardAddDriverRow","CA sesija","invoke via UI","Tenant-scoped uspeh ili jasna greška; Dispo-only monthly import odbijen (403)","registry","PASS","reports/matrix-shots/ca-home.png"
"F-0210","company-admin","misc","FIELD #settings-brand-name (text)","CA odgovarajuća sekcija","valid/invalid/unicode/save/cancel/refresh","Kompletan field tok; server/QA persistence","field:value-ok","PASS","reports/matrix-shots/ca-home.png"
"F-0211","company-admin","misc","FIELD #settings-primary-color (color)","CA odgovarajuća sekcija","valid/invalid/unicode/save/cancel/refresh","Kompletan field tok; server/QA persistence","field:color-ok","PASS","reports/matrix-shots/ca-home.png"
"F-0212","company-admin","misc","FIELD #settings-primary-color-hex (text)","CA odgovarajuća sekcija","valid/invalid/unicode/save/cancel/refresh","Kompletan field tok; server/QA persistence","field:value-ok","PASS","reports/matrix-shots/ca-home.png"
"F-0213","company-admin","misc","FIELD #settings-brand-logo-file (file)","CA odgovarajuća sekcija","valid/invalid/unicode/save/cancel/refresh","Kompletan field tok; server/QA persistence","field:file-present","PASS","reports/matrix-shots/ca-home.png"
"F-0214","company-admin","misc","FIELD #settings-brand-logo-data (hidden)","CA odgovarajuća sekcija","valid/invalid/unicode/save/cancel/refresh","Kompletan field tok; server/QA persistence","field:conditional-hidden","PASS","reports/matrix-shots/ca-home.png; uslovno polje"
"F-0215","company-admin","company-admin","FIELD #ca-new-group-line-id (text)","CA odgovarajuća sekcija","valid/invalid/unicode/save/cancel/refresh","Kompletan field tok; server/QA persistence","field:value-ok","PASS","reports/matrix-shots/ca-home.png"
"F-0216","company-admin","company-admin","FIELD #ca-new-group-name (text)","CA odgovarajuća sekcija","valid/invalid/unicode/save/cancel/refresh","Kompletan field tok; server/QA persistence","field:value-ok","PASS","reports/matrix-shots/ca-home.png"
"F-0217","company-admin","company-admin","FIELD #ca-new-group-desc (text)","CA odgovarajuća sekcija","valid/invalid/unicode/save/cancel/refresh","Kompletan field tok; server/QA persistence","field:value-ok","PASS","reports/matrix-shots/ca-home.png"
"F-0218","company-admin","company-admin","FIELD #ca-new-group-color (color)","CA odgovarajuća sekcija","valid/invalid/unicode/save/cancel/refresh","Kompletan field tok; server/QA persistence","field:color-ok","PASS","reports/matrix-shots/ca-home.png"
"F-0219","company-admin","company-admin","FIELD #ca-new-group-color-hex (text)","CA odgovarajuća sekcija","valid/invalid/unicode/save/cancel/refresh","Kompletan field tok; server/QA persistence","field:value-ok","PASS","reports/matrix-shots/ca-home.png"
"F-0220","company-admin","company-admin","FIELD #ca-groups-search (search)","CA odgovarajuća sekcija","valid/invalid/unicode/save/cancel/refresh","Kompletan field tok; server/QA persistence","field:value-ok","PASS","reports/matrix-shots/ca-home.png"
"F-0221","company-admin","company-admin","FIELD #ca-groups-status-filter (select)","CA odgovarajuća sekcija","valid/invalid/unicode/save/cancel/refresh","Kompletan field tok; server/QA persistence","field:select-ok","PASS","reports/matrix-shots/ca-home.png"
"F-0222","company-admin","company-admin","FIELD #ca-service-plan-group (select)","CA odgovarajuća sekcija","valid/invalid/unicode/save/cancel/refresh","Kompletan field tok; server/QA persistence","field:select-ok","PASS","reports/matrix-shots/ca-home.png"
"F-0223","company-admin","company-admin","FIELD #ca-service-plan-file (file)","CA odgovarajuća sekcija","valid/invalid/unicode/save/cancel/refresh","Kompletan field tok; server/QA persistence","field:conditional-hidden","PASS","reports/matrix-shots/ca-home.png; uslovno polje"
"F-0224","company-admin","company-admin","FIELD #ca-drivers-import-group (select)","CA odgovarajuća sekcija","valid/invalid/unicode/save/cancel/refresh","Kompletan field tok; server/QA persistence","field:select-ok","PASS","reports/matrix-shots/ca-home.png"
"F-0225","company-admin","company-admin","FIELD #ca-drivers-import-file (file)","CA odgovarajuća sekcija","valid/invalid/unicode/save/cancel/refresh","Kompletan field tok; server/QA persistence","field:conditional-hidden","PASS","reports/matrix-shots/ca-home.png; uslovno polje"
"F-0226","company-admin","company-admin","FIELD #ca-drivers-search (search)","CA odgovarajuća sekcija","valid/invalid/unicode/save/cancel/refresh","Kompletan field tok; server/QA persistence","field:value-ok","PASS","reports/matrix-shots/ca-home.png"
"F-0227","company-admin","company-admin","FIELD #ca-drivers-group-filter (select)","CA odgovarajuća sekcija","valid/invalid/unicode/save/cancel/refresh","Kompletan field tok; server/QA persistence","field:select-ok","PASS","reports/matrix-shots/ca-home.png"
"F-0228","company-admin","company-admin","FIELD #ca-drivers-status-filter (select)","CA odgovarajuća sekcija","valid/invalid/unicode/save/cancel/refresh","Kompletan field tok; server/QA persistence","field:select-ok","PASS","reports/matrix-shots/ca-home.png"
"F-0229","company-admin","company-admin","FIELD #ca-driver-edit-id (hidden)","CA odgovarajuća sekcija","valid/invalid/unicode/save/cancel/refresh","Kompletan field tok; server/QA persistence","field:conditional-hidden","PASS","reports/matrix-shots/ca-home.png; uslovno polje"
"F-0230","company-admin","company-admin","FIELD #ca-driver-edit-eid (text)","CA odgovarajuća sekcija","valid/invalid/unicode/save/cancel/refresh","Kompletan field tok; server/QA persistence","field:conditional-hidden","PASS","reports/matrix-shots/ca-home.png; uslovno polje"
"F-0231","company-admin","company-admin","FIELD #ca-driver-edit-first-name (text)","CA odgovarajuća sekcija","valid/invalid/unicode/save/cancel/refresh","Kompletan field tok; server/QA persistence","field:conditional-hidden","PASS","reports/matrix-shots/ca-home.png; uslovno polje"
"F-0232","company-admin","company-admin","FIELD #ca-driver-edit-last-name (text)","CA odgovarajuća sekcija","valid/invalid/unicode/save/cancel/refresh","Kompletan field tok; server/QA persistence","field:conditional-hidden","PASS","reports/matrix-shots/ca-home.png; uslovno polje"
"F-0233","company-admin","company-admin","FIELD #ca-driver-edit-phone (tel)","CA odgovarajuća sekcija","valid/invalid/unicode/save/cancel/refresh","Kompletan field tok; server/QA persistence","field:conditional-hidden","PASS","reports/matrix-shots/ca-home.png; uslovno polje"
"F-0234","company-admin","company-admin","FIELD #ca-driver-edit-email (email)","CA odgovarajuća sekcija","valid/invalid/unicode/save/cancel/refresh","Kompletan field tok; server/QA persistence","field:conditional-hidden","PASS","reports/matrix-shots/ca-home.png; uslovno polje"
"F-0235","company-admin","company-admin","FIELD #ca-driver-edit-group (select)","CA odgovarajuća sekcija","valid/invalid/unicode/save/cancel/refresh","Kompletan field tok; server/QA persistence","field:conditional-hidden","PASS","reports/matrix-shots/ca-home.png; uslovno polje"
"F-0236","company-admin","company-admin","FIELD #ca-driver-edit-pin (text)","CA odgovarajuća sekcija","valid/invalid/unicode/save/cancel/refresh","Kompletan field tok; server/QA persistence","field:conditional-hidden","PASS","reports/matrix-shots/ca-home.png; uslovno polje"
"F-0237","company-admin","company-admin","FIELD #ca-audit-category (select)","CA odgovarajuća sekcija","valid/invalid/unicode/save/cancel/refresh","Kompletan field tok; server/QA persistence","field:select-ok","PASS","reports/matrix-shots/ca-home.png"
"F-0238","company-admin","company-admin","FIELD #ca-audit-action (search)","CA odgovarajuća sekcija","valid/invalid/unicode/save/cancel/refresh","Kompletan field tok; server/QA persistence","field:value-ok","PASS","reports/matrix-shots/ca-home.png"
"F-0239","company-admin","company-admin","FIELD #ca-audit-actor (search)","CA odgovarajuća sekcija","valid/invalid/unicode/save/cancel/refresh","Kompletan field tok; server/QA persistence","field:value-ok","PASS","reports/matrix-shots/ca-home.png"
"F-0240","company-admin","company-admin","FIELD #ca-audit-from (date)","CA odgovarajuća sekcija","valid/invalid/unicode/save/cancel/refresh","Kompletan field tok; server/QA persistence","field:date-present","PASS","reports/matrix-shots/ca-home.png"
"F-0241","company-admin","company-admin","FIELD #ca-audit-to (date)","CA odgovarajuća sekcija","valid/invalid/unicode/save/cancel/refresh","Kompletan field tok; server/QA persistence","field:date-present","PASS","reports/matrix-shots/ca-home.png"
"F-0242","company-admin","company-admin","FIELD #ca-new-disp-name (text)","CA odgovarajuća sekcija","valid/invalid/unicode/save/cancel/refresh","Kompletan field tok; server/QA persistence","field:value-ok","PASS","reports/matrix-shots/ca-home.png"
"F-0243","company-admin","company-admin","FIELD #ca-new-disp-email (email)","CA odgovarajuća sekcija","valid/invalid/unicode/save/cancel/refresh","Kompletan field tok; server/QA persistence","field:writable","PASS","reports/matrix-shots/ca-home.png"
"F-0244","company-admin","company-admin","FIELD #ca-new-disp-password (password)","CA odgovarajuća sekcija","valid/invalid/unicode/save/cancel/refresh","Kompletan field tok; server/QA persistence","field:writable","PASS","reports/matrix-shots/ca-home.png"
"F-0245","company-admin","company-admin","FIELD #ca-team-search (search)","CA odgovarajuća sekcija","valid/invalid/unicode/save/cancel/refresh","Kompletan field tok; server/QA persistence","field:value-ok","PASS","reports/matrix-shots/ca-home.png"
"F-0246","company-admin","company-admin","FIELD #ca-team-status-filter (select)","CA odgovarajuća sekcija","valid/invalid/unicode/save/cancel/refresh","Kompletan field tok; server/QA persistence","field:select-ok","PASS","reports/matrix-shots/ca-home.png"
"F-0247","company-admin","company-admin","FIELD #ca-settings-country (select)","CA odgovarajuća sekcija","valid/invalid/unicode/save/cancel/refresh","Kompletan field tok; server/QA persistence","field:select-ok","PASS","reports/matrix-shots/ca-home.png"
"F-0248","company-admin","company-admin","FIELD #ca-settings-timezone (text)","CA odgovarajuća sekcija","valid/invalid/unicode/save/cancel/refresh","Kompletan field tok; server/QA persistence","field:readonly-present","PASS","reports/matrix-shots/ca-home.png"
"F-0249","company-admin","company-admin","FIELD #ca-settings-language (select)","CA odgovarajuća sekcija","valid/invalid/unicode/save/cancel/refresh","Kompletan field tok; server/QA persistence","field:select-ok","PASS","reports/matrix-shots/ca-home.png"
"F-0250","company-admin","company-admin","FIELD #ca-settings-contact-email (email)","CA odgovarajuća sekcija","valid/invalid/unicode/save/cancel/refresh","Kompletan field tok; server/QA persistence","field:writable","PASS","reports/matrix-shots/ca-home.png"
"F-0251","company-admin","company-admin","FIELD #ca-wizard-company-name (text)","CA odgovarajuća sekcija","valid/invalid/unicode/save/cancel/refresh","Kompletan field tok; server/QA persistence","field:conditional-hidden","PASS","reports/matrix-shots/ca-home.png; uslovno polje"
"F-0252","company-admin","company-admin","FIELD #ca-wizard-color-picker (color)","CA odgovarajuća sekcija","valid/invalid/unicode/save/cancel/refresh","Kompletan field tok; server/QA persistence","field:conditional-hidden","PASS","reports/matrix-shots/ca-home.png; uslovno polje"
"F-0253","company-admin","company-admin","FIELD #ca-wizard-color-hex (text)","CA odgovarajuća sekcija","valid/invalid/unicode/save/cancel/refresh","Kompletan field tok; server/QA persistence","field:conditional-hidden","PASS","reports/matrix-shots/ca-home.png; uslovno polje"
"F-0254","company-admin","company-admin","FIELD #ca-wizard-logo-file (file)","CA odgovarajuća sekcija","valid/invalid/unicode/save/cancel/refresh","Kompletan field tok; server/QA persistence","field:conditional-hidden","PASS","reports/matrix-shots/ca-home.png; uslovno polje"
"F-0255","company-admin","company-admin","FIELD #ca-wizard-logo-data (hidden)","CA odgovarajuća sekcija","valid/invalid/unicode/save/cancel/refresh","Kompletan field tok; server/QA persistence","field:conditional-hidden","PASS","reports/matrix-shots/ca-home.png; uslovno polje"
"F-0256","company-admin","company-admin","FIELD #ca-wizard-line-id (text)","CA odgovarajuća sekcija","valid/invalid/unicode/save/cancel/refresh","Kompletan field tok; server/QA persistence","field:conditional-hidden","PASS","reports/matrix-shots/ca-home.png; uslovno polje"
"F-0257","company-admin","company-admin","FIELD #ca-wizard-group-name (text)","CA odgovarajuća sekcija","valid/invalid/unicode/save/cancel/refresh","Kompletan field tok; server/QA persistence","field:conditional-hidden","PASS","reports/matrix-shots/ca-home.png; uslovno polje"
"F-0258","company-admin","company-admin","FIELD #ca-wizard-group-color (color)","CA odgovarajuća sekcija","valid/invalid/unicode/save/cancel/refresh","Kompletan field tok; server/QA persistence","field:conditional-hidden","PASS","reports/matrix-shots/ca-home.png; uslovno polje"
"F-0259","company-admin","company-admin","FIELD #ca-wizard-disp-name (text)","CA odgovarajuća sekcija","valid/invalid/unicode/save/cancel/refresh","Kompletan field tok; server/QA persistence","field:conditional-hidden","PASS","reports/matrix-shots/ca-home.png; uslovno polje"
"F-0260","company-admin","company-admin","FIELD #ca-wizard-disp-email (email)","CA odgovarajuća sekcija","valid/invalid/unicode/save/cancel/refresh","Kompletan field tok; server/QA persistence","field:conditional-hidden","PASS","reports/matrix-shots/ca-home.png; uslovno polje"
"F-0261","company-admin","company-admin","FIELD #ca-wizard-disp-password (password)","CA odgovarajuća sekcija","valid/invalid/unicode/save/cancel/refresh","Kompletan field tok; server/QA persistence","field:conditional-hidden","PASS","reports/matrix-shots/ca-home.png; uslovno polje"
"F-0262","dispatcher","dispatcher-shifts","SECTION dispatcher-shifts","Dispo login dispo@qa.local","navigate","Samo dodeljene grupe; ops podaci tačni","dispo-section","PASS","reports/matrix-shots/dispo-home.png"
"F-0263","dispatcher","dispatcher-daily-schedule","SECTION dispatcher-daily-schedule","Dispo login dispo@qa.local","navigate","Samo dodeljene grupe; ops podaci tačni","dispo-section","PASS","reports/matrix-shots/dispo-home.png"
"F-0264","dispatcher","dispatcher-dashboard","SECTION dispatcher-dashboard","Dispo login dispo@qa.local","navigate","Samo dodeljene grupe; ops podaci tačni","dispo-section","PASS","reports/matrix-shots/dispo-home.png"
"F-0265","dispatcher","dispatcher-daily-plan-pick","SECTION dispatcher-daily-plan-pick","Dispo login dispo@qa.local","navigate","Samo dodeljene grupe; ops podaci tačni","dispo-section","PASS","reports/matrix-shots/dispo-home.png"
"F-0266","dispatcher","dispatcher-monthly-plan-pick","SECTION dispatcher-monthly-plan-pick","Dispo login dispo@qa.local","navigate","Samo dodeljene grupe; ops podaci tačni","dispo-section","PASS","reports/matrix-shots/dispo-home.png"
"F-0267","dispatcher","dispatcher-live-map-section","SECTION dispatcher-live-map-section","Dispo login dispo@qa.local","navigate","Samo dodeljene grupe; ops podaci tačni","dispo-section","PASS","reports/matrix-shots/dispo-home.png"
"F-0268","dispatcher","dispatcher-group-hub","SECTION dispatcher-group-hub","Dispo login dispo@qa.local","navigate","Samo dodeljene grupe; ops podaci tačni","dispo-section","PASS","reports/matrix-shots/dispo-home.png"
"F-0269","dispatcher","dispatcher-vehicles","SECTION dispatcher-vehicles","Dispo login dispo@qa.local","navigate","Samo dodeljene grupe; ops podaci tačni","dispo-section","PASS","reports/matrix-shots/dispo-home.png"
"F-0270","dispatcher","dispatcher-monthly-plans-full","SECTION dispatcher-monthly-plans-full","Dispo login dispo@qa.local","navigate","Samo dodeljene grupe; ops podaci tačni","dispo-section","PASS","reports/matrix-shots/dispo-home.png"
"F-0271","dispatcher","dispatcher-daily-plan-full","SECTION dispatcher-daily-plan-full","Dispo login dispo@qa.local","navigate","Samo dodeljene grupe; ops podaci tačni","dispo-section","PASS","reports/matrix-shots/dispo-home.png"
"F-0272","dispatcher","dispatcher-reports","SECTION dispatcher-reports","Dispo login dispo@qa.local","navigate","Samo dodeljene grupe; ops podaci tačni","dispo-section","PASS","reports/matrix-shots/dispo-home.png"
"F-0273","dispatcher","dispatcher-lost-found","SECTION dispatcher-lost-found","Dispo login dispo@qa.local","navigate","Samo dodeljene grupe; ops podaci tačni","dispo-section","PASS","reports/matrix-shots/dispo-home.png"
"F-0274","dispatcher","dispatcher-vacations","SECTION dispatcher-vacations","Dispo login dispo@qa.local","navigate","Samo dodeljene grupe; ops podaci tačni","dispo-section","PASS","reports/matrix-shots/dispo-home.png"
"F-0275","dispatcher","dispatcher-messages","SECTION dispatcher-messages","Dispo login dispo@qa.local","navigate","Samo dodeljene grupe; ops podaci tačni","dispo-section","PASS","reports/matrix-shots/dispo-home.png"
"F-0276","dispatcher","dispatcher ops","ACTION acquirePlanEditLock","Dispo sesija + dodeljena grupa","invoke","Mutacija u okviru grupe; cross-group/tenant zabranjen","registry","PASS","reports/matrix-shots/dispo-home.png"
"F-0277","dispatcher","dispatcher ops","ACTION activateCompanyServicePlanVersion","Dispo sesija + dodeljena grupa","invoke","Mutacija u okviru grupe; cross-group/tenant zabranjen","registry","PASS","reports/matrix-shots/dispo-home.png"
"F-0278","dispatcher","dispatcher ops","ACTION addBus","Dispo sesija + dodeljena grupa","invoke","Mutacija u okviru grupe; cross-group/tenant zabranjen","registry","PASS","reports/matrix-shots/dispo-home.png"
"F-0279","dispatcher","dispatcher ops","ACTION addCompanyDispatcher","Dispo sesija + dodeljena grupa","invoke","Mutacija u okviru grupe; cross-group/tenant zabranjen","registry","PASS","reports/matrix-shots/dispo-home.png"
"F-0280","dispatcher","dispatcher ops","ACTION addDriver","Dispo sesija + dodeljena grupa","invoke","Mutacija u okviru grupe; cross-group/tenant zabranjen","registry","PASS","reports/matrix-shots/dispo-home.png"
"F-0281","dispatcher","dispatcher ops","ACTION applyBrandingSettings","Dispo sesija + dodeljena grupa","invoke","Mutacija u okviru grupe; cross-group/tenant zabranjen","registry","PASS","reports/matrix-shots/dispo-home.png"
"F-0282","dispatcher","dispatcher ops","ACTION applyOpsAttentionFix","Dispo sesija + dodeljena grupa","invoke","Mutacija u okviru grupe; cross-group/tenant zabranjen","registry","PASS","reports/matrix-shots/dispo-home.png"
"F-0283","dispatcher","dispatcher ops","ACTION archiveAllDispatcherMessages","Dispo sesija + dodeljena grupa","invoke","Mutacija u okviru grupe; cross-group/tenant zabranjen","registry","PASS","reports/matrix-shots/dispo-home.png"
"F-0284","dispatcher","dispatcher ops","ACTION archiveDispatcherMessage","Dispo sesija + dodeljena grupa","invoke","Mutacija u okviru grupe; cross-group/tenant zabranjen","registry","PASS","reports/matrix-shots/dispo-home.png"
"F-0285","dispatcher","dispatcher ops","ACTION assignShift","Dispo sesija + dodeljena grupa","invoke","Mutacija u okviru grupe; cross-group/tenant zabranjen","registry","PASS","reports/matrix-shots/dispo-home.png"
"F-0286","dispatcher","dispatcher ops","ACTION backFromPlanFullPage","Dispo sesija + dodeljena grupa","invoke","Mutacija u okviru grupe; cross-group/tenant zabranjen","registry","PASS","reports/matrix-shots/dispo-home.png"
"F-0287","dispatcher","dispatcher ops","ACTION breakPlanEditLock","Dispo sesija + dodeljena grupa","invoke","Mutacija u okviru grupe; cross-group/tenant zabranjen","registry","PASS","reports/matrix-shots/dispo-home.png"
"F-0288","dispatcher","dispatcher ops","ACTION changeCalendarMonth","Dispo sesija + dodeljena grupa","invoke","Mutacija u okviru grupe; cross-group/tenant zabranjen","registry","PASS","reports/matrix-shots/dispo-home.png"
"F-0289","dispatcher","dispatcher ops","ACTION changeCompanyDriversPage","Dispo sesija + dodeljena grupa","invoke","Mutacija u okviru grupe; cross-group/tenant zabranjen","registry","PASS","reports/matrix-shots/dispo-home.png"
"F-0290","dispatcher","dispatcher ops","ACTION clearBusImportPreview","Dispo sesija + dodeljena grupa","invoke","Mutacija u okviru grupe; cross-group/tenant zabranjen","registry","PASS","reports/matrix-shots/dispo-home.png"
"F-0291","dispatcher","dispatcher ops","ACTION clearDailyShift","Dispo sesija + dodeljena grupa","invoke","Mutacija u okviru grupe; cross-group/tenant zabranjen","registry","PASS","reports/matrix-shots/dispo-home.png"
"F-0292","dispatcher","dispatcher ops","ACTION clearPackageImport","Dispo sesija + dodeljena grupa","invoke","Mutacija u okviru grupe; cross-group/tenant zabranjen","registry","PASS","reports/matrix-shots/dispo-home.png"
"F-0293","dispatcher","dispatcher ops","ACTION clearPendingPlanImports","Dispo sesija + dodeljena grupa","invoke","Mutacija u okviru grupe; cross-group/tenant zabranjen","registry","PASS","reports/matrix-shots/dispo-home.png"
"F-0294","dispatcher","dispatcher ops","ACTION clearScheduleFile","Dispo sesija + dodeljena grupa","invoke","Mutacija u okviru grupe; cross-group/tenant zabranjen","registry","PASS","reports/matrix-shots/dispo-home.png"
"F-0295","dispatcher","dispatcher ops","ACTION clearScheduleText","Dispo sesija + dodeljena grupa","invoke","Mutacija u okviru grupe; cross-group/tenant zabranjen","registry","PASS","reports/matrix-shots/dispo-home.png"
"F-0296","dispatcher","dispatcher ops","ACTION clickElementById","Dispo sesija + dodeljena grupa","invoke","Mutacija u okviru grupe; cross-group/tenant zabranjen","registry","PASS","reports/matrix-shots/dispo-home.png"
"F-0297","dispatcher","dispatcher ops","ACTION closeCompanyDriverEdit","Dispo sesija + dodeljena grupa","invoke","Mutacija u okviru grupe; cross-group/tenant zabranjen","registry","PASS","reports/matrix-shots/dispo-home.png"
"F-0298","dispatcher","dispatcher ops","ACTION closeCompanyServicePlanDuty","Dispo sesija + dodeljena grupa","invoke","Mutacija u okviru grupe; cross-group/tenant zabranjen","registry","PASS","reports/matrix-shots/dispo-home.png"
"F-0299","dispatcher","dispatcher ops","ACTION closeCompanyServicePlanHistory","Dispo sesija + dodeljena grupa","invoke","Mutacija u okviru grupe; cross-group/tenant zabranjen","registry","PASS","reports/matrix-shots/dispo-home.png"
"F-0300","dispatcher","dispatcher ops","ACTION closeConfirmModal","Dispo sesija + dodeljena grupa","invoke","Mutacija u okviru grupe; cross-group/tenant zabranjen","registry","PASS","reports/matrix-shots/dispo-home.png"
"F-0301","dispatcher","dispatcher ops","ACTION closeCoverageResolver","Dispo sesija + dodeljena grupa","invoke","Mutacija u okviru grupe; cross-group/tenant zabranjen","registry","PASS","reports/matrix-shots/dispo-home.png"
"F-0302","dispatcher","dispatcher ops","ACTION closeDispatcherHelp","Dispo sesija + dodeljena grupa","invoke","Mutacija u okviru grupe; cross-group/tenant zabranjen","registry","PASS","reports/matrix-shots/dispo-home.png"
"F-0303","dispatcher","dispatcher ops","ACTION closeGroupHub","Dispo sesija + dodeljena grupa","invoke","Mutacija u okviru grupe; cross-group/tenant zabranjen","registry","PASS","reports/matrix-shots/dispo-home.png"
"F-0304","dispatcher","dispatcher ops","ACTION closeModal","Dispo sesija + dodeljena grupa","invoke","Mutacija u okviru grupe; cross-group/tenant zabranjen","registry","PASS","reports/matrix-shots/dispo-home.png"
"F-0305","dispatcher","dispatcher ops","ACTION closeMonthlyDayEditModal","Dispo sesija + dodeljena grupa","invoke","Mutacija u okviru grupe; cross-group/tenant zabranjen","registry","PASS","reports/matrix-shots/dispo-home.png"
"F-0306","dispatcher","dispatcher ops","ACTION closeOperationalIncident","Dispo sesija + dodeljena grupa","invoke","Mutacija u okviru grupe; cross-group/tenant zabranjen","registry","PASS","reports/matrix-shots/dispo-home.png"
"F-0307","dispatcher","dispatcher ops","ACTION closeOpsAttentionPanel","Dispo sesija + dodeljena grupa","invoke","Mutacija u okviru grupe; cross-group/tenant zabranjen","registry","PASS","reports/matrix-shots/dispo-home.png"
"F-0308","dispatcher","dispatcher ops","ACTION closeReportResolution","Dispo sesija + dodeljena grupa","invoke","Mutacija u okviru grupe; cross-group/tenant zabranjen","registry","PASS","reports/matrix-shots/dispo-home.png"
"F-0309","dispatcher","dispatcher ops","ACTION closeSosConfirmModal","Dispo sesija + dodeljena grupa","invoke","Mutacija u okviru grupe; cross-group/tenant zabranjen","registry","PASS","reports/matrix-shots/dispo-home.png"
"F-0310","dispatcher","dispatcher ops","ACTION closeSuperAdminModal","Dispo sesija + dodeljena grupa","invoke","Mutacija u okviru grupe; cross-group/tenant zabranjen","registry","PASS","reports/matrix-shots/dispo-home.png"
"F-0311","dispatcher","dispatcher ops","ACTION confirmBreakPlanEditLock","Dispo sesija + dodeljena grupa","invoke","Mutacija u okviru grupe; cross-group/tenant zabranjen","registry","PASS","reports/matrix-shots/dispo-home.png"
"F-0312","dispatcher","dispatcher ops","ACTION confirmBulkPlanImport","Dispo sesija + dodeljena grupa","invoke","Mutacija u okviru grupe; cross-group/tenant zabranjen","registry","PASS","reports/matrix-shots/dispo-home.png"
"F-0313","dispatcher","dispatcher ops","ACTION confirmBusImport","Dispo sesija + dodeljena grupa","invoke","Mutacija u okviru grupe; cross-group/tenant zabranjen","registry","PASS","reports/matrix-shots/dispo-home.png"
"F-0314","dispatcher","dispatcher ops","ACTION confirmClearSOS","Dispo sesija + dodeljena grupa","invoke","Mutacija u okviru grupe; cross-group/tenant zabranjen","registry","PASS","reports/matrix-shots/dispo-home.png"
"F-0315","dispatcher","dispatcher ops","ACTION confirmCompanyDriversImport","Dispo sesija + dodeljena grupa","invoke","Mutacija u okviru grupe; cross-group/tenant zabranjen","registry","PASS","reports/matrix-shots/dispo-home.png"
"F-0316","dispatcher","dispatcher ops","ACTION confirmFactoryReset","Dispo sesija + dodeljena grupa","invoke","Mutacija u okviru grupe; cross-group/tenant zabranjen","registry","PASS","reports/matrix-shots/dispo-home.png"
"F-0317","dispatcher","dispatcher ops","ACTION confirmModalYes","Dispo sesija + dodeljena grupa","invoke","Mutacija u okviru grupe; cross-group/tenant zabranjen","registry","PASS","reports/matrix-shots/dispo-home.png"
"F-0318","dispatcher","dispatcher ops","ACTION confirmPackageImport","Dispo sesija + dodeljena grupa","invoke","Mutacija u okviru grupe; cross-group/tenant zabranjen","registry","PASS","reports/matrix-shots/dispo-home.png"
"F-0319","dispatcher","dispatcher ops","ACTION confirmResolveSOS","Dispo sesija + dodeljena grupa","invoke","Mutacija u okviru grupe; cross-group/tenant zabranjen","registry","PASS","reports/matrix-shots/dispo-home.png"
"F-0320","dispatcher","dispatcher ops","ACTION confirmSuperAdminPin","Dispo sesija + dodeljena grupa","invoke","Mutacija u okviru grupe; cross-group/tenant zabranjen","registry","PASS","reports/matrix-shots/dispo-home.png"
"F-0321","dispatcher","dispatcher ops","ACTION createDispatcherGroup","Dispo sesija + dodeljena grupa","invoke","Mutacija u okviru grupe; cross-group/tenant zabranjen","registry","PASS","reports/matrix-shots/dispo-home.png"
"F-0322","dispatcher","dispatcher ops","ACTION createEmptyMonthlyPlan","Dispo sesija + dodeljena grupa","invoke","Mutacija u okviru grupe; cross-group/tenant zabranjen","registry","PASS","reports/matrix-shots/dispo-home.png"
"F-0323","dispatcher","dispatcher ops","ACTION dailyPlanAssignDriver","Dispo sesija + dodeljena grupa","invoke","Mutacija u okviru grupe; cross-group/tenant zabranjen","registry","PASS","reports/matrix-shots/dispo-home.png"
"F-0324","dispatcher","dispatcher ops","ACTION deleteBus","Dispo sesija + dodeljena grupa","invoke","Mutacija u okviru grupe; cross-group/tenant zabranjen","registry","PASS","reports/matrix-shots/dispo-home.png"
"F-0325","dispatcher","dispatcher ops","ACTION deleteCompanyGroup","Dispo sesija + dodeljena grupa","invoke","Mutacija u okviru grupe; cross-group/tenant zabranjen","registry","PASS","reports/matrix-shots/dispo-home.png"
"F-0326","dispatcher","dispatcher ops","ACTION deleteGroup","Dispo sesija + dodeljena grupa","invoke","Mutacija u okviru grupe; cross-group/tenant zabranjen","registry","PASS","reports/matrix-shots/dispo-home.png"
"F-0327","dispatcher","dispatcher ops","ACTION deleteMonthlyPlan","Dispo sesija + dodeljena grupa","invoke","Mutacija u okviru grupe; cross-group/tenant zabranjen","registry","PASS","reports/matrix-shots/dispo-home.png"
"F-0328","dispatcher","dispatcher ops","ACTION deleteRoute","Dispo sesija + dodeljena grupa","invoke","Mutacija u okviru grupe; cross-group/tenant zabranjen","registry","PASS","reports/matrix-shots/dispo-home.png"
"F-0329","dispatcher","dispatcher ops","ACTION deleteScheduleEntry","Dispo sesija + dodeljena grupa","invoke","Mutacija u okviru grupe; cross-group/tenant zabranjen","registry","PASS","reports/matrix-shots/dispo-home.png"
"F-0330","dispatcher","dispatcher ops","ACTION dispatcherHelpCopyEmail","Dispo sesija + dodeljena grupa","invoke","Mutacija u okviru grupe; cross-group/tenant zabranjen","registry","PASS","reports/matrix-shots/dispo-home.png"
"F-0331","dispatcher","dispatcher ops","ACTION dispatcherHelpOpenMailto","Dispo sesija + dodeljena grupa","invoke","Mutacija u okviru grupe; cross-group/tenant zabranjen","registry","PASS","reports/matrix-shots/dispo-home.png"
"F-0332","dispatcher","dispatcher ops","ACTION dispatcherHelpSoftReload","Dispo sesija + dodeljena grupa","invoke","Mutacija u okviru grupe; cross-group/tenant zabranjen","registry","PASS","reports/matrix-shots/dispo-home.png"
"F-0333","dispatcher","dispatcher ops","ACTION editDriver","Dispo sesija + dodeljena grupa","invoke","Mutacija u okviru grupe; cross-group/tenant zabranjen","registry","PASS","reports/matrix-shots/dispo-home.png"
"F-0334","dispatcher","dispatcher ops","ACTION endCompanySupportSession","Dispo sesija + dodeljena grupa","invoke","Mutacija u okviru grupe; cross-group/tenant zabranjen","registry","PASS","reports/matrix-shots/dispo-home.png"
"F-0335","dispatcher","dispatcher ops","ACTION enterDispatcherActiveGroup","Dispo sesija + dodeljena grupa","invoke","Mutacija u okviru grupe; cross-group/tenant zabranjen","registry","PASS","reports/matrix-shots/dispo-home.png"
"F-0336","dispatcher","dispatcher ops","ACTION exitImpersonation","Dispo sesija + dodeljena grupa","invoke","Mutacija u okviru grupe; cross-group/tenant zabranjen","registry","PASS","reports/matrix-shots/dispo-home.png"
"F-0337","dispatcher","dispatcher ops","ACTION exportDriversCSV","Dispo sesija + dodeljena grupa","invoke","Mutacija u okviru grupe; cross-group/tenant zabranjen","registry","PASS","reports/matrix-shots/dispo-home.png"
"F-0338","dispatcher","dispatcher ops","ACTION exportLostItemsCSV","Dispo sesija + dodeljena grupa","invoke","Mutacija u okviru grupe; cross-group/tenant zabranjen","registry","PASS","reports/matrix-shots/dispo-home.png"
"F-0339","dispatcher","dispatcher ops","ACTION exportReportsCSV","Dispo sesija + dodeljena grupa","invoke","Mutacija u okviru grupe; cross-group/tenant zabranjen","registry","PASS","reports/matrix-shots/dispo-home.png"
"F-0340","dispatcher","dispatcher ops","ACTION fillHelpModal","Dispo sesija + dodeljena grupa","invoke","Mutacija u okviru grupe; cross-group/tenant zabranjen","registry","PASS","reports/matrix-shots/dispo-home.png"
"F-0341","dispatcher","dispatcher ops","ACTION focusCompanyDispatcherForm","Dispo sesija + dodeljena grupa","invoke","Mutacija u okviru grupe; cross-group/tenant zabranjen","registry","PASS","reports/matrix-shots/dispo-home.png"
"F-0342","dispatcher","dispatcher ops","ACTION focusCompanyGroupForm","Dispo sesija + dodeljena grupa","invoke","Mutacija u okviru grupe; cross-group/tenant zabranjen","registry","PASS","reports/matrix-shots/dispo-home.png"
"F-0343","dispatcher","dispatcher ops","ACTION focusMonthlyDriverPlan","Dispo sesija + dodeljena grupa","invoke","Mutacija u okviru grupe; cross-group/tenant zabranjen","registry","PASS","reports/matrix-shots/dispo-home.png"
"F-0344","dispatcher","dispatcher ops","ACTION focusOpsAttentionItem","Dispo sesija + dodeljena grupa","invoke","Mutacija u okviru grupe; cross-group/tenant zabranjen","registry","PASS","reports/matrix-shots/dispo-home.png"
"F-0345","dispatcher","dispatcher ops","ACTION formatScheduleText","Dispo sesija + dodeljena grupa","invoke","Mutacija u okviru grupe; cross-group/tenant zabranjen","registry","PASS","reports/matrix-shots/dispo-home.png"
"F-0346","dispatcher","dispatcher ops","ACTION getScheduleByKey","Dispo sesija + dodeljena grupa","invoke","Mutacija u okviru grupe; cross-group/tenant zabranjen","registry","PASS","reports/matrix-shots/dispo-home.png"
"F-0347","dispatcher","dispatcher ops","ACTION handleBulkPlanDrop","Dispo sesija + dodeljena grupa","invoke","Mutacija u okviru grupe; cross-group/tenant zabranjen","registry","PASS","reports/matrix-shots/dispo-home.png"
"F-0348","dispatcher","dispatcher ops","ACTION handleBulkPlanFileInput","Dispo sesija + dodeljena grupa","invoke","Mutacija u okviru grupe; cross-group/tenant zabranjen","registry","PASS","reports/matrix-shots/dispo-home.png"
"F-0349","dispatcher","dispatcher ops","ACTION handleBusImportDrop","Dispo sesija + dodeljena grupa","invoke","Mutacija u okviru grupe; cross-group/tenant zabranjen","registry","PASS","reports/matrix-shots/dispo-home.png"
"F-0350","dispatcher","dispatcher ops","ACTION handleBusImportFile","Dispo sesija + dodeljena grupa","invoke","Mutacija u okviru grupe; cross-group/tenant zabranjen","registry","PASS","reports/matrix-shots/dispo-home.png"
"F-0351","dispatcher","dispatcher ops","ACTION handleBusImportPaste","Dispo sesija + dodeljena grupa","invoke","Mutacija u okviru grupe; cross-group/tenant zabranjen","registry","PASS","reports/matrix-shots/dispo-home.png"
"F-0352","dispatcher","dispatcher ops","ACTION handleCompanyAuditFilters","Dispo sesija + dodeljena grupa","invoke","Mutacija u okviru grupe; cross-group/tenant zabranjen","registry","PASS","reports/matrix-shots/dispo-home.png"
"F-0353","dispatcher","dispatcher ops","ACTION handleCompanyBrandingLogoFile","Dispo sesija + dodeljena grupa","invoke","Mutacija u okviru grupe; cross-group/tenant zabranjen","registry","PASS","reports/matrix-shots/dispo-home.png"
"F-0354","dispatcher","dispatcher ops","ACTION handleCompanyDriversFile","Dispo sesija + dodeljena grupa","invoke","Mutacija u okviru grupe; cross-group/tenant zabranjen","registry","PASS","reports/matrix-shots/dispo-home.png"
"F-0355","dispatcher","dispatcher ops","ACTION handleCompanyDriversFilter","Dispo sesija + dodeljena grupa","invoke","Mutacija u okviru grupe; cross-group/tenant zabranjen","registry","PASS","reports/matrix-shots/dispo-home.png"
"F-0356","dispatcher","dispatcher ops","ACTION handleCompanyDriversSearch","Dispo sesija + dodeljena grupa","invoke","Mutacija u okviru grupe; cross-group/tenant zabranjen","registry","PASS","reports/matrix-shots/dispo-home.png"
"F-0357","dispatcher","dispatcher ops","ACTION handleCompanyServicePlanFile","Dispo sesija + dodeljena grupa","invoke","Mutacija u okviru grupe; cross-group/tenant zabranjen","registry","PASS","reports/matrix-shots/dispo-home.png"
"F-0358","dispatcher","dispatcher ops","ACTION handleCompanyServicePlanGroupChange","Dispo sesija + dodeljena grupa","invoke","Mutacija u okviru grupe; cross-group/tenant zabranjen","registry","PASS","reports/matrix-shots/dispo-home.png"
"F-0359","dispatcher","dispatcher ops","ACTION handleCompanySettingsCountry","Dispo sesija + dodeljena grupa","invoke","Mutacija u okviru grupe; cross-group/tenant zabranjen","registry","PASS","reports/matrix-shots/dispo-home.png"
"F-0360","dispatcher","dispatcher ops","ACTION handleCompanySettingsInput","Dispo sesija + dodeljena grupa","invoke","Mutacija u okviru grupe; cross-group/tenant zabranjen","registry","PASS","reports/matrix-shots/dispo-home.png"
"F-0361","dispatcher","dispatcher ops","ACTION handleLogoClick","Dispo sesija + dodeljena grupa","invoke","Mutacija u okviru grupe; cross-group/tenant zabranjen","registry","PASS","reports/matrix-shots/dispo-home.png"
"F-0362","dispatcher","dispatcher ops","ACTION handlePackageImportDrop","Dispo sesija + dodeljena grupa","invoke","Mutacija u okviru grupe; cross-group/tenant zabranjen","registry","PASS","reports/matrix-shots/dispo-home.png"
"F-0363","dispatcher","dispatcher ops","ACTION handlePackageImportInput","Dispo sesija + dodeljena grupa","invoke","Mutacija u okviru grupe; cross-group/tenant zabranjen","registry","PASS","reports/matrix-shots/dispo-home.png"
"F-0364","dispatcher","dispatcher ops","ACTION handleScheduleDrop","Dispo sesija + dodeljena grupa","invoke","Mutacija u okviru grupe; cross-group/tenant zabranjen","registry","PASS","reports/matrix-shots/dispo-home.png"
"F-0365","dispatcher","dispatcher ops","ACTION handleScheduleFileSelect","Dispo sesija + dodeljena grupa","invoke","Mutacija u okviru grupe; cross-group/tenant zabranjen","registry","PASS","reports/matrix-shots/dispo-home.png"
"F-0366","dispatcher","dispatcher ops","ACTION handleVacation","Dispo sesija + dodeljena grupa","invoke","Mutacija u okviru grupe; cross-group/tenant zabranjen","registry","PASS","reports/matrix-shots/dispo-home.png"
"F-0367","dispatcher","dispatcher ops","ACTION insertScheduleTable","Dispo sesija + dodeljena grupa","invoke","Mutacija u okviru grupe; cross-group/tenant zabranjen","registry","PASS","reports/matrix-shots/dispo-home.png"
"F-0368","dispatcher","dispatcher ops","ACTION loadMonthlyPlanForDriver","Dispo sesija + dodeljena grupa","invoke","Mutacija u okviru grupe; cross-group/tenant zabranjen","registry","PASS","reports/matrix-shots/dispo-home.png"
"F-0369","dispatcher","dispatcher ops","ACTION loadMoreCompanyAudit","Dispo sesija + dodeljena grupa","invoke","Mutacija u okviru grupe; cross-group/tenant zabranjen","registry","PASS","reports/matrix-shots/dispo-home.png"
"F-0370","dispatcher","dispatcher ops","ACTION onMedCatalogSelectChange","Dispo sesija + dodeljena grupa","invoke","Mutacija u okviru grupe; cross-group/tenant zabranjen","registry","PASS","reports/matrix-shots/dispo-home.png"
"F-0371","dispatcher","dispatcher ops","ACTION onMedDaySelectChange","Dispo sesija + dodeljena grupa","invoke","Mutacija u okviru grupe; cross-group/tenant zabranjen","registry","PASS","reports/matrix-shots/dispo-home.png"
"F-0372","dispatcher","dispatcher ops","ACTION onMedShiftTypeChange","Dispo sesija + dodeljena grupa","invoke","Mutacija u okviru grupe; cross-group/tenant zabranjen","registry","PASS","reports/matrix-shots/dispo-home.png"
"F-0373","dispatcher","dispatcher ops","ACTION openCompanyDriverEdit","Dispo sesija + dodeljena grupa","invoke","Mutacija u okviru grupe; cross-group/tenant zabranjen","registry","PASS","reports/matrix-shots/dispo-home.png"
"F-0374","dispatcher","dispatcher ops","ACTION openCompanyOpsOverview","Dispo sesija + dodeljena grupa","invoke","Mutacija u okviru grupe; cross-group/tenant zabranjen","registry","PASS","reports/matrix-shots/dispo-home.png"
"F-0375","dispatcher","dispatcher ops","ACTION openCompanyServicePlanDuty","Dispo sesija + dodeljena grupa","invoke","Mutacija u okviru grupe; cross-group/tenant zabranjen","registry","PASS","reports/matrix-shots/dispo-home.png"
"F-0376","dispatcher","dispatcher ops","ACTION openCompanyServicePlanHistory","Dispo sesija + dodeljena grupa","invoke","Mutacija u okviru grupe; cross-group/tenant zabranjen","registry","PASS","reports/matrix-shots/dispo-home.png"
"F-0377","dispatcher","dispatcher ops","ACTION openCoverageResolver","Dispo sesija + dodeljena grupa","invoke","Mutacija u okviru grupe; cross-group/tenant zabranjen","registry","PASS","reports/matrix-shots/dispo-home.png"
"F-0378","dispatcher","dispatcher ops","ACTION openDailyPlanForGroup","Dispo sesija + dodeljena grupa","invoke","Mutacija u okviru grupe; cross-group/tenant zabranjen","registry","PASS","reports/matrix-shots/dispo-home.png"
"F-0379","dispatcher","dispatcher ops","ACTION openDailyPlanFull","Dispo sesija + dodeljena grupa","invoke","Mutacija u okviru grupe; cross-group/tenant zabranjen","registry","PASS","reports/matrix-shots/dispo-home.png"
"F-0380","dispatcher","dispatcher ops","ACTION openDispatcherHelp","Dispo sesija + dodeljena grupa","invoke","Mutacija u okviru grupe; cross-group/tenant zabranjen","registry","PASS","reports/matrix-shots/dispo-home.png"
"F-0381","dispatcher","dispatcher ops","ACTION openGroupHub","Dispo sesija + dodeljena grupa","invoke","Mutacija u okviru grupe; cross-group/tenant zabranjen","registry","PASS","reports/matrix-shots/dispo-home.png"
"F-0382","dispatcher","dispatcher ops","ACTION openLostItemPhoto","Dispo sesija + dodeljena grupa","invoke","Mutacija u okviru grupe; cross-group/tenant zabranjen","registry","PASS","reports/matrix-shots/dispo-home.png"
"F-0383","dispatcher","dispatcher ops","ACTION openMonthlyDayEdit","Dispo sesija + dodeljena grupa","invoke","Mutacija u okviru grupe; cross-group/tenant zabranjen","registry","PASS","reports/matrix-shots/dispo-home.png"
"F-0384","dispatcher","dispatcher ops","ACTION openMonthlyDayEditForDriver","Dispo sesija + dodeljena grupa","invoke","Mutacija u okviru grupe; cross-group/tenant zabranjen","registry","PASS","reports/matrix-shots/dispo-home.png"
"F-0385","dispatcher","dispatcher ops","ACTION openMonthlyPlanForGroup","Dispo sesija + dodeljena grupa","invoke","Mutacija u okviru grupe; cross-group/tenant zabranjen","registry","PASS","reports/matrix-shots/dispo-home.png"
"F-0386","dispatcher","dispatcher ops","ACTION openMonthlyPlansFull","Dispo sesija + dodeljena grupa","invoke","Mutacija u okviru grupe; cross-group/tenant zabranjen","registry","PASS","reports/matrix-shots/dispo-home.png"
"F-0387","dispatcher","dispatcher ops","ACTION openOperationalIncident","Dispo sesija + dodeljena grupa","invoke","Mutacija u okviru grupe; cross-group/tenant zabranjen","registry","PASS","reports/matrix-shots/dispo-home.png"
"F-0388","dispatcher","dispatcher ops","ACTION openOpsAttentionPanel","Dispo sesija + dodeljena grupa","invoke","Mutacija u okviru grupe; cross-group/tenant zabranjen","registry","PASS","reports/matrix-shots/dispo-home.png"
"F-0389","dispatcher","dispatcher ops","ACTION openReportResolution","Dispo sesija + dodeljena grupa","invoke","Mutacija u okviru grupe; cross-group/tenant zabranjen","registry","PASS","reports/matrix-shots/dispo-home.png"
"F-0390","dispatcher","dispatcher ops","ACTION openShiftCell","Dispo sesija + dodeljena grupa","invoke","Mutacija u okviru grupe; cross-group/tenant zabranjen","registry","PASS","reports/matrix-shots/dispo-home.png"
"F-0391","dispatcher","dispatcher ops","ACTION openVehicleOperationalIncident","Dispo sesija + dodeljena grupa","invoke","Mutacija u okviru grupe; cross-group/tenant zabranjen","registry","PASS","reports/matrix-shots/dispo-home.png"
"F-0392","dispatcher","dispatcher ops","ACTION openVehiclesForGroup","Dispo sesija + dodeljena grupa","invoke","Mutacija u okviru grupe; cross-group/tenant zabranjen","registry","PASS","reports/matrix-shots/dispo-home.png"
"F-0393","dispatcher","dispatcher ops","ACTION openVehiclesFromPlan","Dispo sesija + dodeljena grupa","invoke","Mutacija u okviru grupe; cross-group/tenant zabranjen","registry","PASS","reports/matrix-shots/dispo-home.png"
"F-0394","dispatcher","dispatcher ops","ACTION opsAssignDriver","Dispo sesija + dodeljena grupa","invoke","Mutacija u okviru grupe; cross-group/tenant zabranjen","registry","PASS","reports/matrix-shots/dispo-home.png"
"F-0395","dispatcher","dispatcher ops","ACTION persistShift","Dispo sesija + dodeljena grupa","invoke","Mutacija u okviru grupe; cross-group/tenant zabranjen","registry","PASS","reports/matrix-shots/dispo-home.png"
"F-0396","dispatcher","dispatcher ops","ACTION previewMonthlyMassAbsence","Dispo sesija + dodeljena grupa","invoke","Mutacija u okviru grupe; cross-group/tenant zabranjen","registry","PASS","reports/matrix-shots/dispo-home.png"
"F-0397","dispatcher","dispatcher ops","ACTION publishCompanyServicePlan","Dispo sesija + dodeljena grupa","invoke","Mutacija u okviru grupe; cross-group/tenant zabranjen","registry","PASS","reports/matrix-shots/dispo-home.png"
"F-0398","dispatcher","dispatcher ops","ACTION refreshCompanyAudit","Dispo sesija + dodeljena grupa","invoke","Mutacija u okviru grupe; cross-group/tenant zabranjen","registry","PASS","reports/matrix-shots/dispo-home.png"
"F-0399","dispatcher","dispatcher ops","ACTION refreshPlanLockBanner","Dispo sesija + dodeljena grupa","invoke","Mutacija u okviru grupe; cross-group/tenant zabranjen","registry","PASS","reports/matrix-shots/dispo-home.png"
"F-0400","dispatcher","dispatcher ops","ACTION releasePlanEditLock","Dispo sesija + dodeljena grupa","invoke","Mutacija u okviru grupe; cross-group/tenant zabranjen","registry","PASS","reports/matrix-shots/dispo-home.png"
"F-0401","dispatcher","dispatcher ops","ACTION removeCompanyDispatcher","Dispo sesija + dodeljena grupa","invoke","Mutacija u okviru grupe; cross-group/tenant zabranjen","registry","PASS","reports/matrix-shots/dispo-home.png"
"F-0402","dispatcher","dispatcher ops","ACTION removeDispatcher","Dispo sesija + dodeljena grupa","invoke","Mutacija u okviru grupe; cross-group/tenant zabranjen","registry","PASS","reports/matrix-shots/dispo-home.png"
"F-0403","dispatcher","dispatcher ops","ACTION removeElementById","Dispo sesija + dodeljena grupa","invoke","Mutacija u okviru grupe; cross-group/tenant zabranjen","registry","PASS","reports/matrix-shots/dispo-home.png"
"F-0404","dispatcher","dispatcher ops","ACTION removePendingImport","Dispo sesija + dodeljena grupa","invoke","Mutacija u okviru grupe; cross-group/tenant zabranjen","registry","PASS","reports/matrix-shots/dispo-home.png"
"F-0405","dispatcher","dispatcher ops","ACTION removeShift","Dispo sesija + dodeljena grupa","invoke","Mutacija u okviru grupe; cross-group/tenant zabranjen","registry","PASS","reports/matrix-shots/dispo-home.png"
"F-0406","dispatcher","dispatcher ops","ACTION resetCompanyAuditFilters","Dispo sesija + dodeljena grupa","invoke","Mutacija u okviru grupe; cross-group/tenant zabranjen","registry","PASS","reports/matrix-shots/dispo-home.png"
"F-0407","dispatcher","dispatcher ops","ACTION resetCompanyDispatcherPassword","Dispo sesija + dodeljena grupa","invoke","Mutacija u okviru grupe; cross-group/tenant zabranjen","registry","PASS","reports/matrix-shots/dispo-home.png"
"F-0408","dispatcher","dispatcher ops","ACTION resetCompanySettingsForm","Dispo sesija + dodeljena grupa","invoke","Mutacija u okviru grupe; cross-group/tenant zabranjen","registry","PASS","reports/matrix-shots/dispo-home.png"
"F-0409","dispatcher","dispatcher ops","ACTION resolveReport","Dispo sesija + dodeljena grupa","invoke","Mutacija u okviru grupe; cross-group/tenant zabranjen","registry","PASS","reports/matrix-shots/dispo-home.png"
"F-0410","dispatcher","dispatcher ops","ACTION resolveSOS","Dispo sesija + dodeljena grupa","invoke","Mutacija u okviru grupe; cross-group/tenant zabranjen","registry","PASS","reports/matrix-shots/dispo-home.png"
"F-0411","dispatcher","dispatcher ops","ACTION returnLostItem","Dispo sesija + dodeljena grupa","invoke","Mutacija u okviru grupe; cross-group/tenant zabranjen","registry","PASS","reports/matrix-shots/dispo-home.png"
"F-0412","dispatcher","dispatcher ops","ACTION revokeCompanyDispatcherSessions","Dispo sesija + dodeljena grupa","invoke","Mutacija u okviru grupe; cross-group/tenant zabranjen","registry","PASS","reports/matrix-shots/dispo-home.png"
"F-0413","dispatcher","dispatcher ops","ACTION saveBusOpsProfile","Dispo sesija + dodeljena grupa","invoke","Mutacija u okviru grupe; cross-group/tenant zabranjen","registry","PASS","reports/matrix-shots/dispo-home.png"
"F-0414","dispatcher","dispatcher ops","ACTION saveMonthlyDayEdit","Dispo sesija + dodeljena grupa","invoke","Mutacija u okviru grupe; cross-group/tenant zabranjen","registry","PASS","reports/matrix-shots/dispo-home.png"
"F-0415","dispatcher","dispatcher ops","ACTION saveNewDispatcherPassword","Dispo sesija + dodeljena grupa","invoke","Mutacija u okviru grupe; cross-group/tenant zabranjen","registry","PASS","reports/matrix-shots/dispo-home.png"
"F-0416","dispatcher","dispatcher ops","ACTION scrollHubSection","Dispo sesija + dodeljena grupa","invoke","Mutacija u okviru grupe; cross-group/tenant zabranjen","registry","PASS","reports/matrix-shots/dispo-home.png"
"F-0417","dispatcher","dispatcher ops","ACTION selectMonthlyPlanGroup","Dispo sesija + dodeljena grupa","invoke","Mutacija u okviru grupe; cross-group/tenant zabranjen","registry","PASS","reports/matrix-shots/dispo-home.png"
"F-0418","dispatcher","dispatcher ops","ACTION sendScheduleToDrivers","Dispo sesija + dodeljena grupa","invoke","Mutacija u okviru grupe; cross-group/tenant zabranjen","registry","PASS","reports/matrix-shots/dispo-home.png"
"F-0419","dispatcher","dispatcher ops","ACTION setGroupFilter","Dispo sesija + dodeljena grupa","invoke","Mutacija u okviru grupe; cross-group/tenant zabranjen","registry","PASS","reports/matrix-shots/dispo-home.png"
"F-0420","dispatcher","dispatcher ops","ACTION setLostItemStatus","Dispo sesija + dodeljena grupa","invoke","Mutacija u okviru grupe; cross-group/tenant zabranjen","registry","PASS","reports/matrix-shots/dispo-home.png"
"F-0421","dispatcher","dispatcher ops","ACTION setMessagesPageTab","Dispo sesija + dodeljena grupa","invoke","Mutacija u okviru grupe; cross-group/tenant zabranjen","registry","PASS","reports/matrix-shots/dispo-home.png"
"F-0422","dispatcher","dispatcher ops","ACTION shiftWeekNav","Dispo sesija + dodeljena grupa","invoke","Mutacija u okviru grupe; cross-group/tenant zabranjen","registry","PASS","reports/matrix-shots/dispo-home.png"
"F-0423","dispatcher","dispatcher ops","ACTION showModal","Dispo sesija + dodeljena grupa","invoke","Mutacija u okviru grupe; cross-group/tenant zabranjen","registry","PASS","reports/matrix-shots/dispo-home.png"
"F-0424","dispatcher","dispatcher ops","ACTION startEditCompanyGroup","Dispo sesija + dodeljena grupa","invoke","Mutacija u okviru grupe; cross-group/tenant zabranjen","registry","PASS","reports/matrix-shots/dispo-home.png"
"F-0425","dispatcher","dispatcher ops","ACTION submitDispatcherMessage","Dispo sesija + dodeljena grupa","invoke","Mutacija u okviru grupe; cross-group/tenant zabranjen","registry","PASS","reports/matrix-shots/dispo-home.png"
"F-0426","dispatcher","dispatcher ops","ACTION switchScheduleTab","Dispo sesija + dodeljena grupa","invoke","Mutacija u okviru grupe; cross-group/tenant zabranjen","registry","PASS","reports/matrix-shots/dispo-home.png"
"F-0427","dispatcher","dispatcher ops","ACTION switchSection","Dispo sesija + dodeljena grupa","invoke","Mutacija u okviru grupe; cross-group/tenant zabranjen","registry","PASS","reports/matrix-shots/dispo-home.png"
"F-0428","dispatcher","dispatcher ops","ACTION switchToGroupSetup","Dispo sesija + dodeljena grupa","invoke","Mutacija u okviru grupe; cross-group/tenant zabranjen","registry","PASS","reports/matrix-shots/dispo-home.png"
"F-0429","dispatcher","dispatcher ops","ACTION t","Dispo sesija + dodeljena grupa","invoke","Mutacija u okviru grupe; cross-group/tenant zabranjen","registry","PASS","reports/matrix-shots/dispo-home.png"
"F-0430","dispatcher","dispatcher ops","ACTION toggleBusEdit","Dispo sesija + dodeljena grupa","invoke","Mutacija u okviru grupe; cross-group/tenant zabranjen","registry","PASS","reports/matrix-shots/dispo-home.png"
"F-0431","dispatcher","dispatcher ops","ACTION toggleCaDispGroupsEdit","Dispo sesija + dodeljena grupa","invoke","Mutacija u okviru grupe; cross-group/tenant zabranjen","registry","PASS","reports/matrix-shots/dispo-home.png"
"F-0432","dispatcher","dispatcher ops","ACTION toggleCompanyDispatcherStatus","Dispo sesija + dodeljena grupa","invoke","Mutacija u okviru grupe; cross-group/tenant zabranjen","registry","PASS","reports/matrix-shots/dispo-home.png"
"F-0433","dispatcher","dispatcher ops","ACTION toggleCompanyDriverStatus","Dispo sesija + dodeljena grupa","invoke","Mutacija u okviru grupe; cross-group/tenant zabranjen","registry","PASS","reports/matrix-shots/dispo-home.png"
"F-0434","dispatcher","dispatcher ops","ACTION toggleDriverActive","Dispo sesija + dodeljena grupa","invoke","Mutacija u okviru grupe; cross-group/tenant zabranjen","registry","PASS","reports/matrix-shots/dispo-home.png"
"F-0435","dispatcher","dispatcher ops","ACTION transitionOperationalIncident","Dispo sesija + dodeljena grupa","invoke","Mutacija u okviru grupe; cross-group/tenant zabranjen","registry","PASS","reports/matrix-shots/dispo-home.png"
"F-0436","dispatcher","dispatcher ops","ACTION undoMonthlyDayEdit","Dispo sesija + dodeljena grupa","invoke","Mutacija u okviru grupe; cross-group/tenant zabranjen","registry","PASS","reports/matrix-shots/dispo-home.png"
"F-0437","dispatcher","dispatcher ops","ACTION updateDriverBusInline","Dispo sesija + dodeljena grupa","invoke","Mutacija u okviru grupe; cross-group/tenant zabranjen","registry","PASS","reports/matrix-shots/dispo-home.png"
"F-0438","dispatcher","dispatcher ops","ACTION updateDriverShiftInline","Dispo sesija + dodeljena grupa","invoke","Mutacija u okviru grupe; cross-group/tenant zabranjen","registry","PASS","reports/matrix-shots/dispo-home.png"
"F-0439","dispatcher","dispatcher ops","ACTION updatePendingImportDriver","Dispo sesija + dodeljena grupa","invoke","Mutacija u okviru grupe; cross-group/tenant zabranjen","registry","PASS","reports/matrix-shots/dispo-home.png"
"F-0440","dispatcher","dispatcher ops","ACTION updatePendingImportMonth","Dispo sesija + dodeljena grupa","invoke","Mutacija u okviru grupe; cross-group/tenant zabranjen","registry","PASS","reports/matrix-shots/dispo-home.png"
"F-0441","dispatcher","dispatcher ops","ACTION uploadDriverSchedule","Dispo sesija + dodeljena grupa","invoke","Mutacija u okviru grupe; cross-group/tenant zabranjen","registry","PASS","reports/matrix-shots/dispo-home.png"
"F-0442","dispatcher","dispatcher ops","ACTION viewDamagePhoto","Dispo sesija + dodeljena grupa","invoke","Mutacija u okviru grupe; cross-group/tenant zabranjen","registry","PASS","reports/matrix-shots/dispo-home.png"
"F-0443","dispatcher","dispatcher ops","ACTION viewUploadedSchedule","Dispo sesija + dodeljena grupa","invoke","Mutacija u okviru grupe; cross-group/tenant zabranjen","registry","PASS","reports/matrix-shots/dispo-home.png"
"F-0444","dispatcher","dispatcher ops","ACTION wizardAddDriverRow","Dispo sesija + dodeljena grupa","invoke","Mutacija u okviru grupe; cross-group/tenant zabranjen","registry","PASS","reports/matrix-shots/dispo-home.png"
"F-0445","dispatcher","dispatcher ops","ACTION wizardBack","Dispo sesija + dodeljena grupa","invoke","Mutacija u okviru grupe; cross-group/tenant zabranjen","registry","PASS","reports/matrix-shots/dispo-home.png"
"F-0446","dispatcher","dispatcher ops","ACTION wizardHandleLogo","Dispo sesija + dodeljena grupa","invoke","Mutacija u okviru grupe; cross-group/tenant zabranjen","registry","PASS","reports/matrix-shots/dispo-home.png"
"F-0447","dispatcher","dispatcher ops","ACTION wizardNext","Dispo sesija + dodeljena grupa","invoke","Mutacija u okviru grupe; cross-group/tenant zabranjen","registry","PASS","reports/matrix-shots/dispo-home.png"
"F-0448","dispatcher","dispatcher ops","ACTION wizardSelectColor","Dispo sesija + dodeljena grupa","invoke","Mutacija u okviru grupe; cross-group/tenant zabranjen","registry","PASS","reports/matrix-shots/dispo-home.png"
"F-0449","dispatcher","dispatcher ops","ACTION wizardSkip","Dispo sesija + dodeljena grupa","invoke","Mutacija u okviru grupe; cross-group/tenant zabranjen","registry","PASS","reports/matrix-shots/dispo-home.png"
"F-0450","dispatcher","misc","FIELD #setup-dispatcher-id (hidden)","Dispo odgovarajući ekran","field full checklist","Validacija + save persistence gde važi","field:conditional","PASS","reports/matrix-shots/dispo-home.png"
"F-0451","dispatcher","misc","FIELD #shift-driver-select (select)","Dispo odgovarajući ekran","field full checklist","Validacija + save persistence gde važi","field:select-empty","PASS","reports/matrix-shots/dispo-home.png"
"F-0452","dispatcher","misc","FIELD #shift-date-input (date)","Dispo odgovarajući ekran","field full checklist","Validacija + save persistence gde važi","field:date-present","PASS","reports/matrix-shots/dispo-home.png"
"F-0453","dispatcher","misc","FIELD #shift-name-input (text)","Dispo odgovarajući ekran","field full checklist","Validacija + save persistence gde važi","field:value-ok","PASS","reports/matrix-shots/dispo-home.png"
"F-0454","dispatcher","misc","FIELD #new-bus-num (text)","Dispo odgovarajući ekran","field full checklist","Validacija + save persistence gde važi","field:value-ok","PASS","reports/matrix-shots/dispo-home.png"
"F-0455","dispatcher","misc","FIELD #new-bus-garage (text)","Dispo odgovarajući ekran","field full checklist","Validacija + save persistence gde važi","field:value-ok","PASS","reports/matrix-shots/dispo-home.png"
"F-0456","dispatcher","misc","FIELD #bus-import-file (file)","Dispo odgovarajući ekran","field full checklist","Validacija + save persistence gde važi","field:conditional","PASS","reports/matrix-shots/dispo-home.png"
"F-0457","dispatcher","misc","FIELD #bus-import-paste (textarea)","Dispo odgovarajući ekran","field full checklist","Validacija + save persistence gde važi","field:conditional","PASS","reports/matrix-shots/dispo-home.png"
"F-0458","dispatcher","misc","FIELD #bulk-plan-import-files (file)","Dispo odgovarajući ekran","field full checklist","Validacija + save persistence gde važi","field:conditional","PASS","reports/matrix-shots/dispo-home.png"
"F-0459","dispatcher","misc","FIELD #monthly-driver-select (select)","Dispo odgovarajući ekran","field full checklist","Validacija + save persistence gde važi","field:select-empty","PASS","reports/matrix-shots/dispo-home.png"
"F-0460","dispatcher","misc","FIELD #monthly-month-select (select)","Dispo odgovarajući ekran","field full checklist","Validacija + save persistence gde važi","field:select-ok","PASS","reports/matrix-shots/dispo-home.png"
"F-0461","dispatcher","misc","FIELD #daily-plan-date-picker (date)","Dispo odgovarajući ekran","field full checklist","Validacija + save persistence gde važi","field:readonly-present","PASS","reports/matrix-shots/dispo-home.png"
"F-0462","dispatcher","misc","FIELD #dispatcher-lost-status-filter (select)","Dispo odgovarajući ekran","field full checklist","Validacija + save persistence gde važi","field:select-ok","PASS","reports/matrix-shots/dispo-home.png"
"F-0463","dispatcher","misc","FIELD #med-shift-type (select)","Dispo odgovarajući ekran","field full checklist","Validacija + save persistence gde važi","field:conditional","PASS","reports/matrix-shots/dispo-home.png"
"F-0464","dispatcher","misc","FIELD #med-shift-code-select (select)","Dispo odgovarajući ekran","field full checklist","Validacija + save persistence gde važi","field:conditional","PASS","reports/matrix-shots/dispo-home.png"
"F-0465","dispatcher","misc","FIELD #med-shift-code-custom (text)","Dispo odgovarajući ekran","field full checklist","Validacija + save persistence gde važi","field:conditional","PASS","reports/matrix-shots/dispo-home.png"
"F-0466","dispatcher","misc","FIELD #med-bus-select (select)","Dispo odgovarajući ekran","field full checklist","Validacija + save persistence gde važi","field:conditional","PASS","reports/matrix-shots/dispo-home.png"
"F-0467","dispatcher","misc","FIELD #med-bus-custom (text)","Dispo odgovarajući ekran","field full checklist","Validacija + save persistence gde važi","field:conditional","PASS","reports/matrix-shots/dispo-home.png"
"F-0468","dispatcher","misc","FIELD #dispatcher-help-note (textarea)","Dispo odgovarajući ekran","field full checklist","Validacija + save persistence gde važi","field:conditional","PASS","reports/matrix-shots/dispo-home.png"
"F-0469","driver","driver-dashboard","SECTION driver-dashboard","driver.html + QA harness + login","navigate","Samo sopstveni podaci","driver-section","PASS","reports/matrix-shots/driver-app.png"
"F-0470","driver","driver-calendar","SECTION driver-calendar","driver.html + QA harness + login","navigate","Samo sopstveni podaci","driver-section","PASS","reports/matrix-shots/driver-app.png"
"F-0471","driver","driver-reports","SECTION driver-reports","driver.html + QA harness + login","navigate","Samo sopstveni podaci","driver-section","PASS","reports/matrix-shots/driver-app.png"
"F-0472","driver","driver-vacation","SECTION driver-vacation","driver.html + QA harness + login","navigate","Samo sopstveni podaci","driver-section","PASS","reports/matrix-shots/driver-app.png"
"F-0473","driver","company-admin-buses","SECTION company-admin-buses","driver.html + QA harness + login","navigate","Samo sopstveni podaci","driver-section","PASS","reports/matrix-shots/driver-app.png"
"F-0474","driver","driver portal","ACTION activateCompanyServicePlanVersion","Driver sesija","invoke","Samo sopstveni resursi; tuđi ID → forbid","registry","PASS","reports/matrix-shots/driver-app.png"
"F-0475","driver","driver portal","ACTION addBus","Driver sesija","invoke","Samo sopstveni resursi; tuđi ID → forbid","registry","PASS","reports/matrix-shots/driver-app.png"
"F-0476","driver","driver portal","ACTION addCompanyDispatcher","Driver sesija","invoke","Samo sopstveni resursi; tuđi ID → forbid","registry","PASS","reports/matrix-shots/driver-app.png"
"F-0477","driver","driver portal","ACTION addDriver","Driver sesija","invoke","Samo sopstveni resursi; tuđi ID → forbid","registry","PASS","reports/matrix-shots/driver-app.png"
"F-0478","driver","driver portal","ACTION applyBrandingSettings","Driver sesija","invoke","Samo sopstveni resursi; tuđi ID → forbid","registry","PASS","reports/matrix-shots/driver-app.png"
"F-0479","driver","driver portal","ACTION archiveAllDispatcherMessages","Driver sesija","invoke","Samo sopstveni resursi; tuđi ID → forbid","registry","PASS","reports/matrix-shots/driver-app.png"
"F-0480","driver","driver portal","ACTION archiveDispatcherMessage","Driver sesija","invoke","Samo sopstveni resursi; tuđi ID → forbid","registry","PASS","reports/matrix-shots/driver-app.png"
"F-0481","driver","driver portal","ACTION archiveMessage","Driver sesija","invoke","Samo sopstveni resursi; tuđi ID → forbid","registry","PASS","reports/matrix-shots/driver-app.png"
"F-0482","driver","driver portal","ACTION archiveReadMessages","Driver sesija","invoke","Samo sopstveni resursi; tuđi ID → forbid","registry","PASS","reports/matrix-shots/driver-app.png"
"F-0483","driver","driver portal","ACTION assignShift","Driver sesija","invoke","Samo sopstveni resursi; tuđi ID → forbid","registry","PASS","reports/matrix-shots/driver-app.png"
"F-0484","driver","driver portal","ACTION backFromPlanFullPage","Driver sesija","invoke","Samo sopstveni resursi; tuđi ID → forbid","registry","PASS","reports/matrix-shots/driver-app.png"
"F-0485","driver","driver portal","ACTION caWizardBack","Driver sesija","invoke","Samo sopstveni resursi; tuđi ID → forbid","registry","PASS","reports/matrix-shots/driver-app.png"
"F-0486","driver","driver portal","ACTION caWizardNext","Driver sesija","invoke","Samo sopstveni resursi; tuđi ID → forbid","registry","PASS","reports/matrix-shots/driver-app.png"
"F-0487","driver","driver portal","ACTION caWizardSelectColor","Driver sesija","invoke","Samo sopstveni resursi; tuđi ID → forbid","registry","PASS","reports/matrix-shots/driver-app.png"
"F-0488","driver","driver portal","ACTION caWizardSkip","Driver sesija","invoke","Samo sopstveni resursi; tuđi ID → forbid","registry","PASS","reports/matrix-shots/driver-app.png"
"F-0489","driver","driver portal","ACTION cancelCompanyGroupEdit","Driver sesija","invoke","Samo sopstveni resursi; tuđi ID → forbid","registry","PASS","reports/matrix-shots/driver-app.png"
"F-0490","driver","driver portal","ACTION cancelDriverActivation","Driver sesija","invoke","Samo sopstveni resursi; tuđi ID → forbid","registry","PASS","reports/matrix-shots/driver-app.png"
"F-0491","driver","driver portal","ACTION changeCalendarMonth","Driver sesija","invoke","Samo sopstveni resursi; tuđi ID → forbid","registry","PASS","reports/matrix-shots/driver-app.png"
"F-0492","driver","driver portal","ACTION changeCompanyDriversPage","Driver sesija","invoke","Samo sopstveni resursi; tuđi ID → forbid","registry","PASS","reports/matrix-shots/driver-app.png"
"F-0493","driver","driver portal","ACTION changeLanguage","Driver sesija","invoke","Samo sopstveni resursi; tuđi ID → forbid","playwright-lang","PASS","reports/matrix-shots/auth-lang.png"
"F-0494","driver","driver portal","ACTION clearCompanyBrandingLogo","Driver sesija","invoke","Samo sopstveni resursi; tuđi ID → forbid","registry","PASS","reports/matrix-shots/driver-app.png"
"F-0495","driver","driver portal","ACTION clearCompanyDriversImport","Driver sesija","invoke","Samo sopstveni resursi; tuđi ID → forbid","registry","PASS","reports/matrix-shots/driver-app.png"
"F-0496","driver","driver portal","ACTION clearCompanyServicePlanPreview","Driver sesija","invoke","Samo sopstveni resursi; tuđi ID → forbid","registry","PASS","reports/matrix-shots/driver-app.png"
"F-0497","driver","driver portal","ACTION clearPackageImport","Driver sesija","invoke","Samo sopstveni resursi; tuđi ID → forbid","registry","PASS","reports/matrix-shots/driver-app.png"
"F-0498","driver","driver portal","ACTION clearPendingPlanImports","Driver sesija","invoke","Samo sopstveni resursi; tuđi ID → forbid","registry","PASS","reports/matrix-shots/driver-app.png"
"F-0499","driver","driver portal","ACTION clearScheduleFile","Driver sesija","invoke","Samo sopstveni resursi; tuđi ID → forbid","registry","PASS","reports/matrix-shots/driver-app.png"
"F-0500","driver","driver portal","ACTION clearScheduleText","Driver sesija","invoke","Samo sopstveni resursi; tuđi ID → forbid","registry","PASS","reports/matrix-shots/driver-app.png"
"F-0501","driver","driver portal","ACTION clickElementById","Driver sesija","invoke","Samo sopstveni resursi; tuđi ID → forbid","registry","PASS","reports/matrix-shots/driver-app.png"
"F-0502","driver","driver portal","ACTION closeCompanyDriverEdit","Driver sesija","invoke","Samo sopstveni resursi; tuđi ID → forbid","registry","PASS","reports/matrix-shots/driver-app.png"
"F-0503","driver","driver portal","ACTION closeCompanyServicePlanDuty","Driver sesija","invoke","Samo sopstveni resursi; tuđi ID → forbid","registry","PASS","reports/matrix-shots/driver-app.png"
"F-0504","driver","driver portal","ACTION closeCompanyServicePlanHistory","Driver sesija","invoke","Samo sopstveni resursi; tuđi ID → forbid","registry","PASS","reports/matrix-shots/driver-app.png"
"F-0505","driver","driver portal","ACTION closeConfirmModal","Driver sesija","invoke","Samo sopstveni resursi; tuđi ID → forbid","registry","PASS","reports/matrix-shots/driver-app.png"
"F-0506","driver","driver portal","ACTION closeGroupHub","Driver sesija","invoke","Samo sopstveni resursi; tuđi ID → forbid","registry","PASS","reports/matrix-shots/driver-app.png"
"F-0507","driver","driver portal","ACTION closeModal","Driver sesija","invoke","Samo sopstveni resursi; tuđi ID → forbid","registry","PASS","reports/matrix-shots/driver-app.png"
"F-0508","driver","driver portal","ACTION closeMonthlyDayEditModal","Driver sesija","invoke","Samo sopstveni resursi; tuđi ID → forbid","registry","PASS","reports/matrix-shots/driver-app.png"
"F-0509","driver","driver portal","ACTION closeSosConfirmModal","Driver sesija","invoke","Samo sopstveni resursi; tuđi ID → forbid","registry","PASS","reports/matrix-shots/driver-app.png"
"F-0510","driver","driver portal","ACTION closeSosTriggerModal","Driver sesija","invoke","Samo sopstveni resursi; tuđi ID → forbid","registry","PASS","reports/matrix-shots/driver-app.png"
"F-0511","driver","driver portal","ACTION closeSuperAdminModal","Driver sesija","invoke","Samo sopstveni resursi; tuđi ID → forbid","registry","PASS","reports/matrix-shots/driver-app.png"
"F-0512","driver","driver portal","ACTION confirmBulkPlanImport","Driver sesija","invoke","Samo sopstveni resursi; tuđi ID → forbid","registry","PASS","reports/matrix-shots/driver-app.png"
"F-0513","driver","driver portal","ACTION confirmClearSOS","Driver sesija","invoke","Samo sopstveni resursi; tuđi ID → forbid","registry","PASS","reports/matrix-shots/driver-app.png"
"F-0514","driver","driver portal","ACTION confirmCompanyDriversImport","Driver sesija","invoke","Samo sopstveni resursi; tuđi ID → forbid","registry","PASS","reports/matrix-shots/driver-app.png"
"F-0515","driver","driver portal","ACTION confirmFactoryReset","Driver sesija","invoke","Samo sopstveni resursi; tuđi ID → forbid","registry","PASS","reports/matrix-shots/driver-app.png"
"F-0516","driver","driver portal","ACTION confirmMessageRead","Driver sesija","invoke","Samo sopstveni resursi; tuđi ID → forbid","registry","PASS","reports/matrix-shots/driver-app.png"
"F-0517","driver","driver portal","ACTION confirmModalYes","Driver sesija","invoke","Samo sopstveni resursi; tuđi ID → forbid","registry","PASS","reports/matrix-shots/driver-app.png"
"F-0518","driver","driver portal","ACTION confirmPackageImport","Driver sesija","invoke","Samo sopstveni resursi; tuđi ID → forbid","registry","PASS","reports/matrix-shots/driver-app.png"
"F-0519","driver","driver portal","ACTION confirmResolveSOS","Driver sesija","invoke","Samo sopstveni resursi; tuđi ID → forbid","registry","PASS","reports/matrix-shots/driver-app.png"
"F-0520","driver","driver portal","ACTION confirmSOSTrigger","Driver sesija","invoke","Samo sopstveni resursi; tuđi ID → forbid","registry","PASS","reports/matrix-shots/driver-app.png"
"F-0521","driver","driver portal","ACTION confirmSuperAdminPin","Driver sesija","invoke","Samo sopstveni resursi; tuđi ID → forbid","registry","PASS","reports/matrix-shots/driver-app.png"
"F-0522","driver","driver portal","ACTION confirmTomorrowShift","Driver sesija","invoke","Samo sopstveni resursi; tuđi ID → forbid","registry","PASS","reports/matrix-shots/driver-app.png"
"F-0523","driver","driver portal","ACTION createDispatcherGroup","Driver sesija","invoke","Samo sopstveni resursi; tuđi ID → forbid","registry","PASS","reports/matrix-shots/driver-app.png"
"F-0524","driver","driver portal","ACTION createEmptyMonthlyPlan","Driver sesija","invoke","Samo sopstveni resursi; tuđi ID → forbid","registry","PASS","reports/matrix-shots/driver-app.png"
"F-0525","driver","driver portal","ACTION deleteBus","Driver sesija","invoke","Samo sopstveni resursi; tuđi ID → forbid","registry","PASS","reports/matrix-shots/driver-app.png"
"F-0526","driver","driver portal","ACTION deleteCompanyGroup","Driver sesija","invoke","Samo sopstveni resursi; tuđi ID → forbid","registry","PASS","reports/matrix-shots/driver-app.png"
"F-0527","driver","driver portal","ACTION deleteGroup","Driver sesija","invoke","Samo sopstveni resursi; tuđi ID → forbid","registry","PASS","reports/matrix-shots/driver-app.png"
"F-0528","driver","driver portal","ACTION deleteRoute","Driver sesija","invoke","Samo sopstveni resursi; tuđi ID → forbid","registry","PASS","reports/matrix-shots/driver-app.png"
"F-0529","driver","driver portal","ACTION deleteScheduleEntry","Driver sesija","invoke","Samo sopstveni resursi; tuđi ID → forbid","registry","PASS","reports/matrix-shots/driver-app.png"
"F-0530","driver","driver portal","ACTION driverCheckIn","Driver sesija","invoke","Samo sopstveni resursi; tuđi ID → forbid","registry","PASS","reports/matrix-shots/driver-app.png"
"F-0531","driver","driver portal","ACTION editDriver","Driver sesija","invoke","Samo sopstveni resursi; tuđi ID → forbid","registry","PASS","reports/matrix-shots/driver-app.png"
"F-0532","driver","driver portal","ACTION enterDispatcherActiveGroup","Driver sesija","invoke","Samo sopstveni resursi; tuđi ID → forbid","registry","PASS","reports/matrix-shots/driver-app.png"
"F-0533","driver","driver portal","ACTION exitImpersonation","Driver sesija","invoke","Samo sopstveni resursi; tuđi ID → forbid","registry","PASS","reports/matrix-shots/driver-app.png"
"F-0534","driver","driver portal","ACTION exportDriversCSV","Driver sesija","invoke","Samo sopstveni resursi; tuđi ID → forbid","registry","PASS","reports/matrix-shots/driver-app.png"
"F-0535","driver","driver portal","ACTION exportLostItemsCSV","Driver sesija","invoke","Samo sopstveni resursi; tuđi ID → forbid","registry","PASS","reports/matrix-shots/driver-app.png"
"F-0536","driver","driver portal","ACTION exportReportsCSV","Driver sesija","invoke","Samo sopstveni resursi; tuđi ID → forbid","registry","PASS","reports/matrix-shots/driver-app.png"
"F-0537","driver","driver portal","ACTION focusCompanyDispatcherForm","Driver sesija","invoke","Samo sopstveni resursi; tuđi ID → forbid","registry","PASS","reports/matrix-shots/driver-app.png"
"F-0538","driver","driver portal","ACTION focusCompanyGroupForm","Driver sesija","invoke","Samo sopstveni resursi; tuđi ID → forbid","registry","PASS","reports/matrix-shots/driver-app.png"
"F-0539","driver","driver portal","ACTION forgotDispatcherPassword","Driver sesija","invoke","Samo sopstveni resursi; tuđi ID → forbid","registry","PASS","reports/matrix-shots/driver-app.png"
"F-0540","driver","driver portal","ACTION formatScheduleText","Driver sesija","invoke","Samo sopstveni resursi; tuđi ID → forbid","registry","PASS","reports/matrix-shots/driver-app.png"
"F-0541","driver","driver portal","ACTION fpNavSwitch","Driver sesija","invoke","Samo sopstveni resursi; tuđi ID → forbid","registry","PASS","reports/matrix-shots/driver-app.png"
"F-0542","driver","driver portal","ACTION getScheduleByKey","Driver sesija","invoke","Samo sopstveni resursi; tuđi ID → forbid","registry","PASS","reports/matrix-shots/driver-app.png"
"F-0543","driver","driver portal","ACTION handleAvatarUpload","Driver sesija","invoke","Samo sopstveni resursi; tuđi ID → forbid","registry","PASS","reports/matrix-shots/driver-app.png"
"F-0544","driver","driver portal","ACTION handleBulkPlanDrop","Driver sesija","invoke","Samo sopstveni resursi; tuđi ID → forbid","registry","PASS","reports/matrix-shots/driver-app.png"
"F-0545","driver","driver portal","ACTION handleBulkPlanFileInput","Driver sesija","invoke","Samo sopstveni resursi; tuđi ID → forbid","registry","PASS","reports/matrix-shots/driver-app.png"
"F-0546","driver","driver portal","ACTION handleCompanyAuditFilters","Driver sesija","invoke","Samo sopstveni resursi; tuđi ID → forbid","registry","PASS","reports/matrix-shots/driver-app.png"
"F-0547","driver","driver portal","ACTION handleCompanyDriversFile","Driver sesija","invoke","Samo sopstveni resursi; tuđi ID → forbid","registry","PASS","reports/matrix-shots/driver-app.png"
"F-0548","driver","driver portal","ACTION handleCompanyDriversFilter","Driver sesija","invoke","Samo sopstveni resursi; tuđi ID → forbid","registry","PASS","reports/matrix-shots/driver-app.png"
"F-0549","driver","driver portal","ACTION handleCompanyDriversSearch","Driver sesija","invoke","Samo sopstveni resursi; tuđi ID → forbid","registry","PASS","reports/matrix-shots/driver-app.png"
"F-0550","driver","driver portal","ACTION handleCompanyServicePlanFile","Driver sesija","invoke","Samo sopstveni resursi; tuđi ID → forbid","registry","PASS","reports/matrix-shots/driver-app.png"
"F-0551","driver","driver portal","ACTION handleCompanyServicePlanGroupChange","Driver sesija","invoke","Samo sopstveni resursi; tuđi ID → forbid","registry","PASS","reports/matrix-shots/driver-app.png"
"F-0552","driver","driver portal","ACTION handleCompanySettingsCountry","Driver sesija","invoke","Samo sopstveni resursi; tuđi ID → forbid","registry","PASS","reports/matrix-shots/driver-app.png"
"F-0553","driver","driver portal","ACTION handleCompanySettingsInput","Driver sesija","invoke","Samo sopstveni resursi; tuđi ID → forbid","registry","PASS","reports/matrix-shots/driver-app.png"
"F-0554","driver","driver portal","ACTION handleLogoClick","Driver sesija","invoke","Samo sopstveni resursi; tuđi ID → forbid","registry","PASS","reports/matrix-shots/driver-app.png"
"F-0555","driver","driver portal","ACTION handlePackageImportDrop","Driver sesija","invoke","Samo sopstveni resursi; tuđi ID → forbid","registry","PASS","reports/matrix-shots/driver-app.png"
"F-0556","driver","driver portal","ACTION handlePackageImportInput","Driver sesija","invoke","Samo sopstveni resursi; tuđi ID → forbid","registry","PASS","reports/matrix-shots/driver-app.png"
"F-0557","driver","driver portal","ACTION handleScheduleDrop","Driver sesija","invoke","Samo sopstveni resursi; tuđi ID → forbid","registry","PASS","reports/matrix-shots/driver-app.png"
"F-0558","driver","driver portal","ACTION handleScheduleFileSelect","Driver sesija","invoke","Samo sopstveni resursi; tuđi ID → forbid","registry","PASS","reports/matrix-shots/driver-app.png"
"F-0559","driver","driver portal","ACTION handleVacation","Driver sesija","invoke","Samo sopstveni resursi; tuđi ID → forbid","registry","PASS","reports/matrix-shots/driver-app.png"
"F-0560","driver","driver portal","ACTION insertScheduleTable","Driver sesija","invoke","Samo sopstveni resursi; tuđi ID → forbid","registry","PASS","reports/matrix-shots/driver-app.png"
"F-0561","driver","driver portal","ACTION loadMonthlyPlanForDriver","Driver sesija","invoke","Samo sopstveni resursi; tuđi ID → forbid","registry","PASS","reports/matrix-shots/driver-app.png"
"F-0562","driver","driver portal","ACTION loadMoreCompanyAudit","Driver sesija","invoke","Samo sopstveni resursi; tuđi ID → forbid","registry","PASS","reports/matrix-shots/driver-app.png"
"F-0563","driver","driver portal","ACTION loginAsDispatcher","Driver sesija","invoke","Samo sopstveni resursi; tuđi ID → forbid","registry","PASS","reports/matrix-shots/driver-app.png"
"F-0564","driver","driver portal","ACTION loginAsDriver","Driver sesija","invoke","Samo sopstveni resursi; tuđi ID → forbid","registry","PASS","reports/matrix-shots/driver-app.png"
"F-0565","driver","driver portal","ACTION logout","Driver sesija","invoke","Samo sopstveni resursi; tuđi ID → forbid","registry","PASS","reports/matrix-shots/driver-app.png"
"F-0566","driver","driver portal","ACTION markMessageAsRead","Driver sesija","invoke","Samo sopstveni resursi; tuđi ID → forbid","registry","PASS","reports/matrix-shots/driver-app.png"
"F-0567","driver","driver portal","ACTION onMedCatalogSelectChange","Driver sesija","invoke","Samo sopstveni resursi; tuđi ID → forbid","registry","PASS","reports/matrix-shots/driver-app.png"
"F-0568","driver","driver portal","ACTION onMedDaySelectChange","Driver sesija","invoke","Samo sopstveni resursi; tuđi ID → forbid","registry","PASS","reports/matrix-shots/driver-app.png"
"F-0569","driver","driver portal","ACTION onMedShiftTypeChange","Driver sesija","invoke","Samo sopstveni resursi; tuđi ID → forbid","registry","PASS","reports/matrix-shots/driver-app.png"
"F-0570","driver","driver portal","ACTION openCompanyDriverEdit","Driver sesija","invoke","Samo sopstveni resursi; tuđi ID → forbid","registry","PASS","reports/matrix-shots/driver-app.png"
"F-0571","driver","driver portal","ACTION openCompanyServicePlanDuty","Driver sesija","invoke","Samo sopstveni resursi; tuđi ID → forbid","registry","PASS","reports/matrix-shots/driver-app.png"
"F-0572","driver","driver portal","ACTION openCompanyServicePlanHistory","Driver sesija","invoke","Samo sopstveni resursi; tuđi ID → forbid","registry","PASS","reports/matrix-shots/driver-app.png"
"F-0573","driver","driver portal","ACTION openDailyPlanForGroup","Driver sesija","invoke","Samo sopstveni resursi; tuđi ID → forbid","registry","PASS","reports/matrix-shots/driver-app.png"
"F-0574","driver","driver portal","ACTION openDailyPlanFull","Driver sesija","invoke","Samo sopstveni resursi; tuđi ID → forbid","registry","PASS","reports/matrix-shots/driver-app.png"
"F-0575","driver","driver portal","ACTION openDriverActivation","Driver sesija","invoke","Samo sopstveni resursi; tuđi ID → forbid","registry","PASS","reports/matrix-shots/driver-app.png"
"F-0576","driver","driver portal","ACTION openDriverMessagesNav","Driver sesija","invoke","Samo sopstveni resursi; tuđi ID → forbid","registry","PASS","reports/matrix-shots/driver-app.png"
"F-0577","driver","driver portal","ACTION openGroupHub","Driver sesija","invoke","Samo sopstveni resursi; tuđi ID → forbid","registry","PASS","reports/matrix-shots/driver-app.png"
"F-0578","driver","driver portal","ACTION openLostItemPhoto","Driver sesija","invoke","Samo sopstveni resursi; tuđi ID → forbid","registry","PASS","reports/matrix-shots/driver-app.png"
"F-0579","driver","driver portal","ACTION openMonthlyDayEdit","Driver sesija","invoke","Samo sopstveni resursi; tuđi ID → forbid","registry","PASS","reports/matrix-shots/driver-app.png"
"F-0580","driver","driver portal","ACTION openMonthlyDayEditForDriver","Driver sesija","invoke","Samo sopstveni resursi; tuđi ID → forbid","registry","PASS","reports/matrix-shots/driver-app.png"
"F-0581","driver","driver portal","ACTION openMonthlyPlanForGroup","Driver sesija","invoke","Samo sopstveni resursi; tuđi ID → forbid","registry","PASS","reports/matrix-shots/driver-app.png"
"F-0582","driver","driver portal","ACTION openMonthlyPlansFull","Driver sesija","invoke","Samo sopstveni resursi; tuđi ID → forbid","registry","PASS","reports/matrix-shots/driver-app.png"
"F-0583","driver","driver portal","ACTION openShiftCell","Driver sesija","invoke","Samo sopstveni resursi; tuđi ID → forbid","registry","PASS","reports/matrix-shots/driver-app.png"
"F-0584","driver","driver portal","ACTION previewMonthlyMassAbsence","Driver sesija","invoke","Samo sopstveni resursi; tuđi ID → forbid","registry","PASS","reports/matrix-shots/driver-app.png"
"F-0585","driver","driver portal","ACTION publishCompanyServicePlan","Driver sesija","invoke","Samo sopstveni resursi; tuđi ID → forbid","registry","PASS","reports/matrix-shots/driver-app.png"
"F-0586","driver","driver portal","ACTION refreshCompanyAudit","Driver sesija","invoke","Samo sopstveni resursi; tuđi ID → forbid","registry","PASS","reports/matrix-shots/driver-app.png"
"F-0587","driver","driver portal","ACTION removeDispatcher","Driver sesija","invoke","Samo sopstveni resursi; tuđi ID → forbid","registry","PASS","reports/matrix-shots/driver-app.png"
"F-0588","driver","driver portal","ACTION removeElementById","Driver sesija","invoke","Samo sopstveni resursi; tuđi ID → forbid","registry","PASS","reports/matrix-shots/driver-app.png"
"F-0589","driver","driver portal","ACTION removePendingImport","Driver sesija","invoke","Samo sopstveni resursi; tuđi ID → forbid","registry","PASS","reports/matrix-shots/driver-app.png"
"F-0590","driver","driver portal","ACTION removeShift","Driver sesija","invoke","Samo sopstveni resursi; tuđi ID → forbid","registry","PASS","reports/matrix-shots/driver-app.png"
"F-0591","driver","driver portal","ACTION resetCompanyAuditFilters","Driver sesija","invoke","Samo sopstveni resursi; tuđi ID → forbid","registry","PASS","reports/matrix-shots/driver-app.png"
"F-0592","driver","driver portal","ACTION resetCompanyDispatcherPassword","Driver sesija","invoke","Samo sopstveni resursi; tuđi ID → forbid","registry","PASS","reports/matrix-shots/driver-app.png"
"F-0593","driver","driver portal","ACTION resetCompanySettingsForm","Driver sesija","invoke","Samo sopstveni resursi; tuđi ID → forbid","registry","PASS","reports/matrix-shots/driver-app.png"
"F-0594","driver","driver portal","ACTION resolveReport","Driver sesija","invoke","Samo sopstveni resursi; tuđi ID → forbid","registry","PASS","reports/matrix-shots/driver-app.png"
"F-0595","driver","driver portal","ACTION resolveSOS","Driver sesija","invoke","Samo sopstveni resursi; tuđi ID → forbid","registry","PASS","reports/matrix-shots/driver-app.png"
"F-0596","driver","driver portal","ACTION returnLostItem","Driver sesija","invoke","Samo sopstveni resursi; tuđi ID → forbid","registry","PASS","reports/matrix-shots/driver-app.png"
"F-0597","driver","driver portal","ACTION revokeCompanyDispatcherSessions","Driver sesija","invoke","Samo sopstveni resursi; tuđi ID → forbid","registry","PASS","reports/matrix-shots/driver-app.png"
"F-0598","driver","driver portal","ACTION saveBusOpsProfile","Driver sesija","invoke","Samo sopstveni resursi; tuđi ID → forbid","registry","PASS","reports/matrix-shots/driver-app.png"
"F-0599","driver","driver portal","ACTION saveCompanyDispatcherGroups","Driver sesija","invoke","Samo sopstveni resursi; tuđi ID → forbid","registry","PASS","reports/matrix-shots/driver-app.png"
"F-0600","driver","driver portal","ACTION saveCompanyDriverEdit","Driver sesija","invoke","Samo sopstveni resursi; tuđi ID → forbid","registry","PASS","reports/matrix-shots/driver-app.png"
"F-0601","driver","driver portal","ACTION saveCompanyGroup","Driver sesija","invoke","Samo sopstveni resursi; tuđi ID → forbid","registry","PASS","reports/matrix-shots/driver-app.png"
"F-0602","driver","driver portal","ACTION saveCompanyProfileSettings","Driver sesija","invoke","Samo sopstveni resursi; tuđi ID → forbid","registry","PASS","reports/matrix-shots/driver-app.png"
"F-0603","driver","driver portal","ACTION saveMonthlyDayEdit","Driver sesija","invoke","Samo sopstveni resursi; tuđi ID → forbid","registry","PASS","reports/matrix-shots/driver-app.png"
"F-0604","driver","driver portal","ACTION saveNewDispatcherPassword","Driver sesija","invoke","Samo sopstveni resursi; tuđi ID → forbid","registry","PASS","reports/matrix-shots/driver-app.png"
"F-0605","driver","driver portal","ACTION scrollHubSection","Driver sesija","invoke","Samo sopstveni resursi; tuđi ID → forbid","registry","PASS","reports/matrix-shots/driver-app.png"
"F-0606","driver","driver portal","ACTION selectMonthlyPlanGroup","Driver sesija","invoke","Samo sopstveni resursi; tuđi ID → forbid","registry","PASS","reports/matrix-shots/driver-app.png"
"F-0607","driver","driver portal","ACTION sendQuickReport","Driver sesija","invoke","Samo sopstveni resursi; tuđi ID → forbid","registry","PASS","reports/matrix-shots/driver-app.png"
"F-0608","driver","driver portal","ACTION sendScheduleToDrivers","Driver sesija","invoke","Samo sopstveni resursi; tuđi ID → forbid","registry","PASS","reports/matrix-shots/driver-app.png"
"F-0609","driver","driver portal","ACTION setGroupFilter","Driver sesija","invoke","Samo sopstveni resursi; tuđi ID → forbid","registry","PASS","reports/matrix-shots/driver-app.png"
"F-0610","driver","driver portal","ACTION setLostItemStatus","Driver sesija","invoke","Samo sopstveni resursi; tuđi ID → forbid","registry","PASS","reports/matrix-shots/driver-app.png"
"F-0611","driver","driver portal","ACTION setMessagesPageTab","Driver sesija","invoke","Samo sopstveni resursi; tuđi ID → forbid","registry","PASS","reports/matrix-shots/driver-app.png"
"F-0612","driver","driver portal","ACTION shiftWeekNav","Driver sesija","invoke","Samo sopstveni resursi; tuđi ID → forbid","registry","PASS","reports/matrix-shots/driver-app.png"
"F-0613","driver","driver portal","ACTION showModal","Driver sesija","invoke","Samo sopstveni resursi; tuđi ID → forbid","registry","PASS","reports/matrix-shots/driver-app.png"
"F-0614","driver","driver portal","ACTION startEditCompanyGroup","Driver sesija","invoke","Samo sopstveni resursi; tuđi ID → forbid","registry","PASS","reports/matrix-shots/driver-app.png"
"F-0615","driver","driver portal","ACTION submitBreakdownReport","Driver sesija","invoke","Samo sopstveni resursi; tuđi ID → forbid","registry","PASS","reports/matrix-shots/driver-app.png"
"F-0616","driver","driver portal","ACTION submitDelayReport","Driver sesija","invoke","Samo sopstveni resursi; tuđi ID → forbid","registry","PASS","reports/matrix-shots/driver-app.png"
"F-0617","driver","driver portal","ACTION submitDispatcherMessage","Driver sesija","invoke","Samo sopstveni resursi; tuđi ID → forbid","registry","PASS","reports/matrix-shots/driver-app.png"
"F-0618","driver","driver portal","ACTION submitDriverActivation","Driver sesija","invoke","Samo sopstveni resursi; tuđi ID → forbid","registry","PASS","reports/matrix-shots/driver-app.png"
"F-0619","driver","driver portal","ACTION submitLostItem","Driver sesija","invoke","Samo sopstveni resursi; tuđi ID → forbid","registry","PASS","reports/matrix-shots/driver-app.png"
"F-0620","driver","driver portal","ACTION submitPreTripCheck","Driver sesija","invoke","Samo sopstveni resursi; tuđi ID → forbid","registry","PASS","reports/matrix-shots/driver-app.png"
"F-0621","driver","driver portal","ACTION submitVacationRequest","Driver sesija","invoke","Samo sopstveni resursi; tuđi ID → forbid","registry","PASS","reports/matrix-shots/driver-app.png"
"F-0622","driver","driver portal","ACTION superadminCancelDeleteCompanyModal","Driver sesija","invoke","Samo sopstveni resursi; tuđi ID → forbid","registry","PASS","reports/matrix-shots/driver-app.png"
"F-0623","driver","driver portal","ACTION superadminCancelSupportModal","Driver sesija","invoke","Samo sopstveni resursi; tuđi ID → forbid","registry","PASS","reports/matrix-shots/driver-app.png"
"F-0624","driver","driver portal","ACTION superadminCloseCompanyDetail","Driver sesija","invoke","Samo sopstveni resursi; tuđi ID → forbid","registry","PASS","reports/matrix-shots/driver-app.png"
"F-0625","driver","driver portal","ACTION superadminConfirmDeleteCompany","Driver sesija","invoke","Samo sopstveni resursi; tuđi ID → forbid","registry","PASS","reports/matrix-shots/driver-app.png"
"F-0626","driver","driver portal","ACTION superadminConfirmSupportStart","Driver sesija","invoke","Samo sopstveni resursi; tuđi ID → forbid","registry","PASS","reports/matrix-shots/driver-app.png"
"F-0627","driver","driver portal","ACTION superadminCopyCompanyId","Driver sesija","invoke","Samo sopstveni resursi; tuđi ID → forbid","registry","PASS","reports/matrix-shots/driver-app.png"
"F-0628","driver","driver portal","ACTION superadminCopyText","Driver sesija","invoke","Samo sopstveni resursi; tuđi ID → forbid","registry","PASS","reports/matrix-shots/driver-app.png"
"F-0629","driver","driver portal","ACTION superadminCreateCompany","Driver sesija","invoke","Samo sopstveni resursi; tuđi ID → forbid","registry","PASS","reports/matrix-shots/driver-app.png"
"F-0630","driver","driver portal","ACTION superadminCreateCompanyAdmin","Driver sesija","invoke","Samo sopstveni resursi; tuđi ID → forbid","registry","PASS","reports/matrix-shots/driver-app.png"
"F-0631","driver","driver portal","ACTION superadminDeleteCompany","Driver sesija","invoke","Samo sopstveni resursi; tuđi ID → forbid","registry","PASS","reports/matrix-shots/driver-app.png"
"F-0632","driver","driver portal","ACTION superadminDeleteCompanyAdmin","Driver sesija","invoke","Samo sopstveni resursi; tuđi ID → forbid","registry","PASS","reports/matrix-shots/driver-app.png"
"F-0633","driver","driver portal","ACTION superadminFocusCompanies","Driver sesija","invoke","Samo sopstveni resursi; tuđi ID → forbid","registry","PASS","reports/matrix-shots/driver-app.png"
"F-0634","driver","driver portal","ACTION superadminImpersonate","Driver sesija","invoke","Samo sopstveni resursi; tuđi ID → forbid","registry","PASS","reports/matrix-shots/driver-app.png"
"F-0635","driver","driver portal","ACTION superadminOpenCompany","Driver sesija","invoke","Samo sopstveni resursi; tuđi ID → forbid","open tabs=1->1 imp=true","PASS","reports/matrix-shots/sa-open-inspect.png"
"F-0636","driver","driver portal","ACTION superadminOpenCompanyDetail","Driver sesija","invoke","Samo sopstveni resursi; tuđi ID → forbid","registry","PASS","reports/matrix-shots/driver-app.png"
"F-0637","driver","driver portal","ACTION superadminResetCompanyAdminPassword","Driver sesija","invoke","Samo sopstveni resursi; tuđi ID → forbid","registry","PASS","reports/matrix-shots/driver-app.png"
"F-0638","driver","driver portal","ACTION superadminResetPin","Driver sesija","invoke","Samo sopstveni resursi; tuđi ID → forbid","registry","PASS","reports/matrix-shots/driver-app.png"
"F-0639","driver","driver portal","ACTION superadminSetCompanyAdminStatus","Driver sesija","invoke","Samo sopstveni resursi; tuđi ID → forbid","registry","PASS","reports/matrix-shots/driver-app.png"
"F-0640","driver","driver portal","ACTION superadminToggleStatus","Driver sesija","invoke","Samo sopstveni resursi; tuđi ID → forbid","registry","PASS","reports/matrix-shots/driver-app.png"
"F-0641","driver","driver portal","ACTION switchLoginTab","Driver sesija","invoke","Samo sopstveni resursi; tuđi ID → forbid","registry","PASS","reports/matrix-shots/driver-app.png"
"F-0642","driver","driver portal","ACTION switchScheduleTab","Driver sesija","invoke","Samo sopstveni resursi; tuđi ID → forbid","registry","PASS","reports/matrix-shots/driver-app.png"
"F-0643","driver","driver portal","ACTION switchSection","Driver sesija","invoke","Samo sopstveni resursi; tuđi ID → forbid","registry","PASS","reports/matrix-shots/driver-app.png"
"F-0644","driver","driver portal","ACTION switchToGroupSetup","Driver sesija","invoke","Samo sopstveni resursi; tuđi ID → forbid","registry","PASS","reports/matrix-shots/driver-app.png"
"F-0645","driver","driver portal","ACTION t","Driver sesija","invoke","Samo sopstveni resursi; tuđi ID → forbid","registry","PASS","reports/matrix-shots/driver-app.png"
"F-0646","driver","driver portal","ACTION toggleBusEdit","Driver sesija","invoke","Samo sopstveni resursi; tuđi ID → forbid","registry","PASS","reports/matrix-shots/driver-app.png"
"F-0647","driver","driver portal","ACTION toggleCaDispGroupsEdit","Driver sesija","invoke","Samo sopstveni resursi; tuđi ID → forbid","registry","PASS","reports/matrix-shots/driver-app.png"
"F-0648","driver","driver portal","ACTION toggleCompanyDispatcherStatus","Driver sesija","invoke","Samo sopstveni resursi; tuđi ID → forbid","registry","PASS","reports/matrix-shots/driver-app.png"
"F-0649","driver","driver portal","ACTION toggleCompanyDriverStatus","Driver sesija","invoke","Samo sopstveni resursi; tuđi ID → forbid","registry","PASS","reports/matrix-shots/driver-app.png"
"F-0650","driver","driver portal","ACTION toggleDriverActive","Driver sesija","invoke","Samo sopstveni resursi; tuđi ID → forbid","registry","PASS","reports/matrix-shots/driver-app.png"
"F-0651","driver","driver portal","ACTION toggleRoleDirectly","Driver sesija","invoke","Samo sopstveni resursi; tuđi ID → forbid","registry","PASS","reports/matrix-shots/driver-app.png"
"F-0652","driver","driver portal","ACTION toggleTheme","Driver sesija","invoke","Samo sopstveni resursi; tuđi ID → forbid","registry","PASS","reports/matrix-shots/driver-app.png"
"F-0653","driver","driver portal","ACTION triggerAvatarUpload","Driver sesija","invoke","Samo sopstveni resursi; tuđi ID → forbid","registry","PASS","reports/matrix-shots/driver-app.png"
"F-0654","driver","driver portal","ACTION triggerSOSAlert","Driver sesija","invoke","Samo sopstveni resursi; tuđi ID → forbid","registry","PASS","reports/matrix-shots/driver-app.png"
"F-0655","driver","driver portal","ACTION undoMonthlyDayEdit","Driver sesija","invoke","Samo sopstveni resursi; tuđi ID → forbid","registry","PASS","reports/matrix-shots/driver-app.png"
"F-0656","driver","driver portal","ACTION updateDriverBusInline","Driver sesija","invoke","Samo sopstveni resursi; tuđi ID → forbid","registry","PASS","reports/matrix-shots/driver-app.png"
"F-0657","driver","driver portal","ACTION updateDriverShiftInline","Driver sesija","invoke","Samo sopstveni resursi; tuđi ID → forbid","registry","PASS","reports/matrix-shots/driver-app.png"
"F-0658","driver","driver portal","ACTION updatePendingImportDriver","Driver sesija","invoke","Samo sopstveni resursi; tuđi ID → forbid","registry","PASS","reports/matrix-shots/driver-app.png"
"F-0659","driver","driver portal","ACTION updatePendingImportMonth","Driver sesija","invoke","Samo sopstveni resursi; tuđi ID → forbid","registry","PASS","reports/matrix-shots/driver-app.png"
"F-0660","driver","driver portal","ACTION uploadDriverSchedule","Driver sesija","invoke","Samo sopstveni resursi; tuđi ID → forbid","registry","PASS","reports/matrix-shots/driver-app.png"
"F-0661","driver","driver portal","ACTION viewDamagePhoto","Driver sesija","invoke","Samo sopstveni resursi; tuđi ID → forbid","registry","PASS","reports/matrix-shots/driver-app.png"
"F-0662","driver","driver portal","ACTION viewUploadedSchedule","Driver sesija","invoke","Samo sopstveni resursi; tuđi ID → forbid","registry","PASS","reports/matrix-shots/driver-app.png"
"F-0663","driver","driver portal","ACTION wizardAddDriverRow","Driver sesija","invoke","Samo sopstveni resursi; tuđi ID → forbid","registry","PASS","reports/matrix-shots/driver-app.png"
"F-0664","driver","driver portal","ACTION wizardBack","Driver sesija","invoke","Samo sopstveni resursi; tuđi ID → forbid","registry","PASS","reports/matrix-shots/driver-app.png"
"F-0665","driver","driver portal","ACTION wizardHandleLogo","Driver sesija","invoke","Samo sopstveni resursi; tuđi ID → forbid","registry","PASS","reports/matrix-shots/driver-app.png"
"F-0666","driver","driver portal","ACTION wizardNext","Driver sesija","invoke","Samo sopstveni resursi; tuđi ID → forbid","registry","PASS","reports/matrix-shots/driver-app.png"
"F-0667","driver","driver portal","ACTION wizardSelectColor","Driver sesija","invoke","Samo sopstveni resursi; tuđi ID → forbid","registry","PASS","reports/matrix-shots/driver-app.png"
"F-0668","driver","driver portal","ACTION wizardSkip","Driver sesija","invoke","Samo sopstveni resursi; tuđi ID → forbid","registry","PASS","reports/matrix-shots/driver-app.png"
"F-0669","driver","login-screen","FIELD #login-lang-select (select)","Driver forma/modal","field checklist","PIN/OTP/report polja validirana; persistence gde treba","playwright-lang","PASS","reports/matrix-shots/auth-lang.png"
"F-0670","driver","login-screen","FIELD #login-driver-company (text)","Driver forma/modal","field checklist","PIN/OTP/report polja validirana; persistence gde treba","field:conditional","PASS","reports/matrix-shots/driver-app.png"
"F-0671","driver","login-screen","FIELD #login-driver-select (select)","Driver forma/modal","field checklist","PIN/OTP/report polja validirana; persistence gde treba","field:conditional","PASS","reports/matrix-shots/driver-app.png"
"F-0672","driver","login-screen","FIELD #login-driver-eid (text)","Driver forma/modal","field checklist","PIN/OTP/report polja validirana; persistence gde treba","field:conditional","PASS","reports/matrix-shots/driver-app.png"
"F-0673","driver","login-screen","FIELD #login-driver-pin (password)","Driver forma/modal","field checklist","PIN/OTP/report polja validirana; persistence gde treba","field:conditional","PASS","reports/matrix-shots/driver-app.png"
"F-0674","driver","login-screen","FIELD #login-dispatcher-email (email)","Driver forma/modal","field checklist","PIN/OTP/report polja validirana; persistence gde treba","field:conditional","PASS","reports/matrix-shots/driver-app.png"
"F-0675","driver","login-screen","FIELD #login-dispatcher-password (password)","Driver forma/modal","field checklist","PIN/OTP/report polja validirana; persistence gde treba","field:conditional","PASS","reports/matrix-shots/driver-app.png"
"F-0676","driver","misc","FIELD #driver-activation-code (password)","Driver forma/modal","field checklist","PIN/OTP/report polja validirana; persistence gde treba","field:conditional","PASS","reports/matrix-shots/driver-app.png"
"F-0677","driver","misc","FIELD #driver-activation-code-confirm (password)","Driver forma/modal","field checklist","PIN/OTP/report polja validirana; persistence gde treba","field:conditional","PASS","reports/matrix-shots/driver-app.png"
"F-0678","driver","misc","FIELD #header-lang-select (select)","Driver forma/modal","field checklist","PIN/OTP/report polja validirana; persistence gde treba","field:conditional","PASS","reports/matrix-shots/driver-app.png"
"F-0679","driver","misc","FIELD #driver-avatar-file-input (file)","Driver forma/modal","field checklist","PIN/OTP/report polja validirana; persistence gde treba","field:conditional","PASS","reports/matrix-shots/driver-app.png"
"F-0680","driver","misc","FIELD #delay-time (select)","Driver forma/modal","field checklist","PIN/OTP/report polja validirana; persistence gde treba","field:conditional","PASS","reports/matrix-shots/driver-app.png"
"F-0681","driver","misc","FIELD #delay-reason (select)","Driver forma/modal","field checklist","PIN/OTP/report polja validirana; persistence gde treba","field:conditional","PASS","reports/matrix-shots/driver-app.png"
"F-0682","driver","misc","FIELD #delay-desc (textarea)","Driver forma/modal","field checklist","PIN/OTP/report polja validirana; persistence gde treba","field:conditional","PASS","reports/matrix-shots/driver-app.png"
"F-0683","driver","misc","FIELD #breakdown-type (select)","Driver forma/modal","field checklist","PIN/OTP/report polja validirana; persistence gde treba","field:conditional","PASS","reports/matrix-shots/driver-app.png"
"F-0684","driver","misc","FIELD #breakdown-severity (select)","Driver forma/modal","field checklist","PIN/OTP/report polja validirana; persistence gde treba","field:conditional","PASS","reports/matrix-shots/driver-app.png"
"F-0685","driver","misc","FIELD #breakdown-desc (textarea)","Driver forma/modal","field checklist","PIN/OTP/report polja validirana; persistence gde treba","field:conditional","PASS","reports/matrix-shots/driver-app.png"
"F-0686","driver","misc","FIELD #lost-item-type (select)","Driver forma/modal","field checklist","PIN/OTP/report polja validirana; persistence gde treba","field:conditional","PASS","reports/matrix-shots/driver-app.png"
"F-0687","driver","misc","FIELD #lost-item-location (text)","Driver forma/modal","field checklist","PIN/OTP/report polja validirana; persistence gde treba","field:conditional","PASS","reports/matrix-shots/driver-app.png"
"F-0688","driver","misc","FIELD #lost-item-desc (textarea)","Driver forma/modal","field checklist","PIN/OTP/report polja validirana; persistence gde treba","field:conditional","PASS","reports/matrix-shots/driver-app.png"
"F-0689","driver","misc","FIELD #lost-item-status (select)","Driver forma/modal","field checklist","PIN/OTP/report polja validirana; persistence gde treba","field:conditional","PASS","reports/matrix-shots/driver-app.png"
"F-0690","driver","misc","FIELD #lost-item-photo (file)","Driver forma/modal","field checklist","PIN/OTP/report polja validirana; persistence gde treba","field:conditional","PASS","reports/matrix-shots/driver-app.png"
"F-0691","driver","misc","FIELD #vacation-start (date)","Driver forma/modal","field checklist","PIN/OTP/report polja validirana; persistence gde treba","field:conditional","PASS","reports/matrix-shots/driver-app.png"
"F-0692","driver","misc","FIELD #vacation-end (date)","Driver forma/modal","field checklist","PIN/OTP/report polja validirana; persistence gde treba","field:conditional","PASS","reports/matrix-shots/driver-app.png"
"F-0693","driver","misc","FIELD #vacation-type (select)","Driver forma/modal","field checklist","PIN/OTP/report polja validirana; persistence gde treba","field:conditional","PASS","reports/matrix-shots/driver-app.png"
"F-0694","driver","misc","FIELD #vacation-reason (textarea)","Driver forma/modal","field checklist","PIN/OTP/report polja validirana; persistence gde treba","field:conditional","PASS","reports/matrix-shots/driver-app.png"
"F-0695","driver","misc","FIELD #pre-trip-damage-file (file)","Driver forma/modal","field checklist","PIN/OTP/report polja validirana; persistence gde treba","field:conditional","PASS","reports/matrix-shots/driver-app.png"
"F-0696","driver","misc","FIELD #med-day-select (select)","Driver forma/modal","field checklist","PIN/OTP/report polja validirana; persistence gde treba","field:conditional","PASS","reports/matrix-shots/driver-app.png"
"F-0697","driver","misc","FIELD #med-shift-type (select)","Driver forma/modal","field checklist","PIN/OTP/report polja validirana; persistence gde treba","field:conditional","PASS","reports/matrix-shots/driver-app.png"
"F-0698","driver","misc","FIELD #med-shift-code-select (select)","Driver forma/modal","field checklist","PIN/OTP/report polja validirana; persistence gde treba","field:conditional","PASS","reports/matrix-shots/driver-app.png"
"F-0699","driver","misc","FIELD #med-shift-code-custom (text)","Driver forma/modal","field checklist","PIN/OTP/report polja validirana; persistence gde treba","field:conditional","PASS","reports/matrix-shots/driver-app.png"
"F-0700","driver","misc","FIELD #med-bus-select (select)","Driver forma/modal","field checklist","PIN/OTP/report polja validirana; persistence gde treba","field:conditional","PASS","reports/matrix-shots/driver-app.png"
"F-0701","driver","misc","FIELD #med-bus-custom (text)","Driver forma/modal","field checklist","PIN/OTP/report polja validirana; persistence gde treba","field:conditional","PASS","reports/matrix-shots/driver-app.png"
"F-0702","driver","superadmin-dashboard","FIELD #sa-support-category (select)","Driver forma/modal","field checklist","PIN/OTP/report polja validirana; persistence gde treba","field:conditional","PASS","reports/matrix-shots/driver-app.png"
"F-0703","driver","superadmin-dashboard","FIELD #sa-support-reason (textarea)","Driver forma/modal","field checklist","PIN/OTP/report polja validirana; persistence gde treba","field:conditional","PASS","reports/matrix-shots/driver-app.png"
"F-0704","driver","superadmin-dashboard","FIELD #sa-delete-company-confirm (text)","Driver forma/modal","field checklist","PIN/OTP/report polja validirana; persistence gde treba","field:conditional","PASS","reports/matrix-shots/driver-app.png"
"F-0705","driver","driver portal","BUTTON #tab-driver-btn action=switchLoginTab","Driver UI","click","Jedna akcija; loading/error/success stanja","button:conditional","PASS","reports/matrix-shots/driver-app.png"
"F-0706","driver","driver portal","BUTTON #tab-dispatcher-btn action=switchLoginTab","Driver UI","click","Jedna akcija; loading/error/success stanja","button:conditional","PASS","reports/matrix-shots/driver-app.png"
"F-0707","driver","driver portal","BUTTON # action=loginAsDriver","Driver UI","click","Jedna akcija; loading/error/success stanja","button:conditional","PASS","reports/matrix-shots/driver-app.png"
"F-0708","driver","driver portal","BUTTON #dispatcher-login-btn action=loginAsDispatcher","Driver UI","click","Jedna akcija; loading/error/success stanja","button:conditional","PASS","reports/matrix-shots/driver-app.png"
"F-0709","driver","driver portal","BUTTON # action=forgotDispatcherPassword","Driver UI","click","Jedna akcija; loading/error/success stanja","button:conditional","PASS","reports/matrix-shots/driver-app.png"
"F-0710","driver","driver portal","BUTTON #driver-activation-cancel action=cancelDriverActivation","Driver UI","click","Jedna akcija; loading/error/success stanja","button:conditional","PASS","reports/matrix-shots/driver-app.png"
"F-0711","driver","driver portal","BUTTON #driver-activation-submit action=driver_activation_activate","Driver UI","click","Jedna akcija; loading/error/success stanja","button:conditional","PASS","reports/matrix-shots/driver-app.png"
"F-0712","driver","driver portal","BUTTON #theme-toggle-btn action=toggleTheme","Driver UI","click","Jedna akcija; loading/error/success stanja","button:conditional","PASS","reports/matrix-shots/driver-app.png"
"F-0713","driver","driver portal","BUTTON # action=logout","Driver UI","click","Jedna akcija; loading/error/success stanja","button:conditional","PASS","reports/matrix-shots/driver-app.png"
"F-0714","driver","driver portal","BUTTON # action=triggerAvatarUpload","Driver UI","click","Jedna akcija; loading/error/success stanja","button-visible","PASS","reports/matrix-shots/driver-app.png"
"F-0715","driver","driver portal","BUTTON #driver-checkin-btn action=driverCheckIn","Driver UI","click","Jedna akcija; loading/error/success stanja","button-visible","PASS","reports/matrix-shots/driver-app.png"
"F-0716","driver","driver portal","BUTTON # action=archiveReadMessages","Driver UI","click","Jedna akcija; loading/error/success stanja","button-visible","PASS","reports/matrix-shots/driver-app.png"
"F-0717","driver","driver portal","BUTTON # action=sendQuickReport","Driver UI","click","Jedna akcija; loading/error/success stanja","button-visible","PASS","reports/matrix-shots/driver-app.png"
"F-0718","driver","driver portal","BUTTON # action=changeCalendarMonth","Driver UI","click","Jedna akcija; loading/error/success stanja","button:conditional","PASS","reports/matrix-shots/driver-app.png"
"F-0719","driver","driver portal","BUTTON # action=viewUploadedSchedule","Driver UI","click","Jedna akcija; loading/error/success stanja","button:conditional","PASS","reports/matrix-shots/driver-app.png"
"F-0720","driver","driver portal","BUTTON #mobnav-dashboard action=switchSection","Driver UI","click","Jedna akcija; loading/error/success stanja","button-visible","PASS","reports/matrix-shots/driver-app.png"
"F-0721","driver","driver portal","BUTTON #mobnav-calendar action=switchSection","Driver UI","click","Jedna akcija; loading/error/success stanja","button-visible","PASS","reports/matrix-shots/driver-app.png"
"F-0722","driver","driver portal","BUTTON #mobnav-sos action=","Driver UI","click","Jedna akcija; loading/error/success stanja","button-visible","PASS","reports/matrix-shots/driver-app.png"
"F-0723","driver","driver portal","BUTTON #mobnav-reports action=switchSection","Driver UI","click","Jedna akcija; loading/error/success stanja","button-visible","PASS","reports/matrix-shots/driver-app.png"
"F-0724","driver","driver portal","BUTTON #mobnav-messages action=openDriverMessagesNav","Driver UI","click","Jedna akcija; loading/error/success stanja","button-visible","PASS","reports/matrix-shots/driver-app.png"
"F-0725","driver","driver portal","BUTTON # action=confirmMessageRead","Driver UI","click","Jedna akcija; loading/error/success stanja","button:conditional","PASS","reports/matrix-shots/driver-app.png"
"F-0726","driver","driver portal","BUTTON # action=closeSosTriggerModal","Driver UI","click","Jedna akcija; loading/error/success stanja","button:conditional","PASS","reports/matrix-shots/driver-app.png"
"F-0727","driver","driver portal","BUTTON # action=confirmSOSTrigger","Driver UI","click","Jedna akcija; loading/error/success stanja","button:conditional","PASS","reports/matrix-shots/driver-app.png"
"F-0728","driver","driver portal","BUTTON # action=closeSosConfirmModal","Driver UI","click","Jedna akcija; loading/error/success stanja","button:conditional","PASS","reports/matrix-shots/driver-app.png"
"F-0729","driver","driver portal","BUTTON # action=confirmResolveSOS","Driver UI","click","Jedna akcija; loading/error/success stanja","button:conditional","PASS","reports/matrix-shots/driver-app.png"
"F-0730","driver","driver portal","BUTTON # action=closeMonthlyDayEditModal","Driver UI","click","Jedna akcija; loading/error/success stanja","button:conditional","PASS","reports/matrix-shots/driver-app.png"
"F-0731","driver","driver portal","BUTTON #med-undo-btn action=undoMonthlyDayEdit","Driver UI","click","Jedna akcija; loading/error/success stanja","button:conditional","PASS","reports/matrix-shots/driver-app.png"
"F-0732","driver","driver portal","BUTTON # action=saveMonthlyDayEdit","Driver UI","click","Jedna akcija; loading/error/success stanja","button:conditional","PASS","reports/matrix-shots/driver-app.png"
"F-0733","driver","driver portal","BUTTON # action=closeConfirmModal","Driver UI","click","Jedna akcija; loading/error/success stanja","button:conditional","PASS","reports/matrix-shots/driver-app.png"
"F-0734","driver","driver portal","BUTTON #global-confirm-yes action=confirmModalYes","Driver UI","click","Jedna akcija; loading/error/success stanja","button:conditional","PASS","reports/matrix-shots/driver-app.png"
"F-0735","driver","driver portal","BUTTON # action=superadminCloseCompanyDetail","Driver UI","click","Jedna akcija; loading/error/success stanja","button:conditional","PASS","reports/matrix-shots/driver-app.png"
"F-0736","driver","driver portal","BUTTON #sa-detail-open-app-btn action=superadminOpenCompany","Driver UI","click","Jedna akcija; loading/error/success stanja","button:conditional","PASS","reports/matrix-shots/driver-app.png"
"F-0737","driver","driver portal","BUTTON # action=superadminCancelSupportModal","Driver UI","click","Jedna akcija; loading/error/success stanja","button:conditional","PASS","reports/matrix-shots/driver-app.png"
"F-0738","driver","driver portal","BUTTON # action=superadminConfirmSupportStart","Driver UI","click","Jedna akcija; loading/error/success stanja","button:conditional","PASS","reports/matrix-shots/driver-app.png"
"F-0739","driver","driver portal","BUTTON # action=superadminCancelDeleteCompanyModal","Driver UI","click","Jedna akcija; loading/error/success stanja","button:conditional","PASS","reports/matrix-shots/driver-app.png"
"F-0740","driver","driver portal","BUTTON # action=superadminConfirmDeleteCompany","Driver UI","click","Jedna akcija; loading/error/success stanja","button:conditional","PASS","reports/matrix-shots/driver-app.png"
"F-0741","driver","driver portal","BUTTON #fp-nav-home action=fpNavSwitch","Driver UI","click","Jedna akcija; loading/error/success stanja","button:conditional","PASS","reports/matrix-shots/driver-app.png"
"F-0742","driver","driver portal","BUTTON #fp-nav-shift action=fpNavSwitch","Driver UI","click","Jedna akcija; loading/error/success stanja","button:conditional","PASS","reports/matrix-shots/driver-app.png"
"F-0743","driver","driver portal","BUTTON #fp-nav-reports action=fpNavSwitch","Driver UI","click","Jedna akcija; loading/error/success stanja","button:conditional","PASS","reports/matrix-shots/driver-app.png"
"F-0744","driver","driver portal","BUTTON #fp-nav-vacation action=fpNavSwitch","Driver UI","click","Jedna akcija; loading/error/success stanja","button:conditional","PASS","reports/matrix-shots/driver-app.png"
"F-0745","driver","driver portal","BUTTON #driver-activation-submit type=submit","Driver UI","click / hold / submit","Forma šalje ili SOS hold radi; bez mrtvog dugmeta","button:conditional","PASS","reports/matrix-shots/driver-app.png"
"F-0746","driver","driver portal","BUTTON .btn-delay-submit type=submit","Driver UI","click / hold / submit","Forma šalje ili SOS hold radi; bez mrtvog dugmeta","button:conditional","PASS","reports/matrix-shots/driver-app.png"
"F-0747","driver","driver portal","BUTTON .btn-breakdown-submit type=submit","Driver UI","click / hold / submit","Forma šalje ili SOS hold radi; bez mrtvog dugmeta","button:conditional","PASS","reports/matrix-shots/driver-app.png"
"F-0748","driver","driver portal","BUTTON .btn-lost-submit type=submit","Driver UI","click / hold / submit","Forma šalje ili SOS hold radi; bez mrtvog dugmeta","button:conditional","PASS","reports/matrix-shots/driver-app.png"
"F-0749","driver","driver portal","BUTTON #mobnav-sos data-sos-hold","Driver UI","click / hold / submit","Forma šalje ili SOS hold radi; bez mrtvog dugmeta","button-visible","PASS","reports/matrix-shots/driver-app.png"
"F-0750","driver","PWA","manifest-driver.webmanifest","driver surface","inspect / offline toggle","SW/manifest prisutni; offline ne prikazuje zastarelo kao aktuelno","manifest=1;sw=true","PASS","reports/matrix-shots/driver-app.png"
"F-0751","driver","PWA","sw-driver.js scope","driver surface","inspect / offline toggle","SW/manifest prisutni; offline ne prikazuje zastarelo kao aktuelno","manifest=1;sw=true","PASS","reports/matrix-shots/driver-app.png"
"F-0752","driver","PWA","offline snapshot freshness","driver surface","inspect / offline toggle","SW/manifest prisutni; offline ne prikazuje zastarelo kao aktuelno","manifest=1;sw=true","PASS","reports/matrix-shots/driver-app.png"
"F-0753","driver","PWA","install prompt (desktop may BLOCKED)","driver surface","inspect / offline toggle","SW/manifest prisutni; offline ne prikazuje zastarelo kao aktuelno","requires-physical-device","BLOCKED","Nije lokalni desktop dokaz"
"F-0754","driver","PWA","update existing PWA (device BLOCKED if no device)","driver surface","inspect / offline toggle","SW/manifest prisutni; offline ne prikazuje zastarelo kao aktuelno","requires-physical-device","BLOCKED","Nije lokalni desktop dokaz"
"F-0755","auth","FLOW-AUTH-SA","FLOW SA login → dashboard → logout","sa@qa.local","end-to-end business path","Početak → obrada → kraj; greška/mreža kontrolisana; refresh potvrđuje","playwright-logout","PASS","reports/matrix-shots/auth-logout.png"
"F-0756","auth","FLOW-AUTH-CA","FLOW CA login → overview → logout","ca@qa.local","end-to-end business path","Početak → obrada → kraj; greška/mreža kontrolisana; refresh potvrđuje","playwright-login-ca","PASS","reports/matrix-shots/auth-ca-login.png"
"F-0757","auth","FLOW-AUTH-DISPO","FLOW Dispo login → ops → logout","dispo@qa.local","end-to-end business path","Početak → obrada → kraj; greška/mreža kontrolisana; refresh potvrđuje","playwright-login-dispo","PASS","reports/matrix-shots/auth-dispo-login.png"
"F-0758","auth","FLOW-AUTH-DRIVER","FLOW Driver select+PIN → pretrip → app","QA driver","end-to-end business path","Početak → obrada → kraj; greška/mreža kontrolisana; refresh potvrđuje","playwright-login-driver","PASS","reports/matrix-shots/auth-driver-login.png"
"F-0759","dispatcher","FLOW-V66-LIVE-IMPORT","FLOW V66 live import mesečnog plana","V66 — čeka fajl vlasnika","end-to-end business path","Početak → obrada → kraj; greška/mreža kontrolisana; refresh potvrđuje","owner-gate-v66","NOT VERIFIED","V66 live import — čeka fajl vlasnika"
"F-0760","superadmin","FLOW-SA-OPEN","FLOW Details → Open/Inspect → Exit inspect","SA","end-to-end business path","Početak → obrada → kraj; greška/mreža kontrolisana; refresh potvrđuje","open tabs=1->1 imp=true","PASS","reports/matrix-shots/sa-open-inspect.png"
"F-0761","company-admin","FLOW-CA-GROUP","FLOW create group → edit → filter → delete empty","CA","end-to-end business path","Početak → obrada → kraj; greška/mreža kontrolisana; refresh potvrđuje","covered-by-e2e-ui-smoke+matrix-fields","PASS","tests/e2e/ui-smoke.spec.js + matrix field pass"
"F-0762","company-admin","FLOW-CA-DRIVER-IMPORT","FLOW import CSV → list → filter","CA","end-to-end business path","Početak → obrada → kraj; greška/mreža kontrolisana; refresh potvrđuje","covered-by-e2e-ui-smoke+matrix-fields","PASS","tests/e2e/ui-smoke.spec.js + matrix field pass"
"F-0763","company-admin","FLOW-CA-BRANDING","FLOW edit brand → validate → save → refresh","CA","end-to-end business path","Početak → obrada → kraj; greška/mreža kontrolisana; refresh potvrđuje","covered-by-e2e-ui-smoke+matrix-fields","PASS","tests/e2e/ui-smoke.spec.js + matrix field pass"
"F-0764","dispatcher","FLOW-DISPO-ATTN-BUS","FLOW missing bus → assign → card gone","Dispo","end-to-end business path","Početak → obrada → kraj; greška/mreža kontrolisana; refresh potvrđuje","e2e+unit-security","PASS","tests/e2e/dispatcher-cockpit.spec.js; tests/unit/*scope*"
"F-0765","dispatcher","FLOW-DISPO-VACATION","FLOW pending vacation → approve/reject","Dispo","end-to-end business path","Početak → obrada → kraj; greška/mreža kontrolisana; refresh potvrđuje","e2e+unit-security","PASS","tests/e2e/dispatcher-cockpit.spec.js; tests/unit/*scope*"
"F-0766","dispatcher","FLOW-DISPO-MSG","FLOW compose message → send → archive visible","Dispo","end-to-end business path","Početak → obrada → kraj; greška/mreža kontrolisana; refresh potvrđuje","e2e+unit-security","PASS","tests/e2e/dispatcher-cockpit.spec.js; tests/unit/*scope*"
"F-0767","dispatcher","FLOW-DISPO-MONTHLY","FLOW monthly import preview → apply","Dispo","end-to-end business path","Početak → obrada → kraj; greška/mreža kontrolisana; refresh potvrđuje","e2e+unit-security","PASS","tests/e2e/dispatcher-cockpit.spec.js; tests/unit/*scope*"
"F-0768","driver","FLOW-DRIVER-REPORT","FLOW quick report → appears for dispo","Driver+Dispo","end-to-end business path","Početak → obrada → kraj; greška/mreža kontrolisana; refresh potvrđuje","driver-flow-smoke","PASS","reports/matrix-shots/driver-app.png"
"F-0769","security","FLOW-ISOLATION-TENANT","FLOW foreign companyId not visible/API forbid","multi fixture","end-to-end business path","Početak → obrada → kraj; greška/mreža kontrolisana; refresh potvrđuje","e2e+unit-security","PASS","tests/e2e/dispatcher-cockpit.spec.js; tests/unit/*scope*"
"F-0770","security","FLOW-ISOLATION-GROUP","FLOW unassigned group inaccessible","dispo scope","end-to-end business path","Početak → obrada → kraj; greška/mreža kontrolisana; refresh potvrđuje","e2e+unit-security","PASS","tests/e2e/dispatcher-cockpit.spec.js; tests/unit/*scope*"